id,source,file_table,classification,severity,evidence,status,fix_commit,regression_test,remaining_validation
G13,manual-audit; also the addendum item in COGNIXHR_PRODUCTION_READINESS_AUDIT_2026-09-27.md (a later version of that audit file adds G13 as a P1 release-verification gate for this exact defect class),multiple (payroll_slips/epf/esi/ptax/filing-pack sums),CONFIRMED_DEFECT,CRITICAL,"PostgREST serializes NUMERIC/DECIMAL as JSON strings; plain `+` on 2+ rows string-concatenates instead of summing, corrupting every statutory total into NaN/garbage with no error. REMEDIATED LOCALLY; STAGING VALIDATION PENDING — not unqualified FIXED: every cluster covered this engagement is fixed and mutation-tested against the local real-stack harness (real Postgres + a hand-built PostgREST-shim gateway), which is real evidence but is not proof against genuine Supabase/PostgREST's actual wire behavior at scale.",REMEDIATED_LOCALLY_PENDING_STAGING,pre-session (prior commits on this branch),"esi-compute.test.ts, filing-pack-challan.test.ts (G13 sweep tests)","Real-scale PostgREST validation against 2000+ employee tenant on genuine Supabase (release gate, not started) — the one remaining gate before this can be called FIXED without qualification"
TISO-001,check-tenant-isolation.mjs,apps/api/src/lib/absconding-engine.ts:240 (employees),FALSE_POSITIVE,N/A,"See master-register.md section B (payroll_validation_rules UNKNOWN_FAILURE code-gap analysis) for the 3 D rows; all others classified by 6 parallel read-only audit agents against service-role/RLS-bypass context, full detail available on request",CLASSIFIED_NO_ACTION,,,
TISO-002,check-tenant-isolation.mjs,apps/api/src/lib/absconding-engine.ts:274 (absconding_cases),FALSE_POSITIVE,N/A,"See master-register.md section B (payroll_validation_rules UNKNOWN_FAILURE code-gap analysis) for the 3 D rows; all others classified by 6 parallel read-only audit agents against service-role/RLS-bypass context, full detail available on request",CLASSIFIED_NO_ACTION,,,
TISO-003,check-tenant-isolation.mjs,apps/api/src/lib/absconding-engine.ts:990 (absconding_cases),FALSE_POSITIVE,N/A,"See master-register.md section B (payroll_validation_rules UNKNOWN_FAILURE code-gap analysis) for the 3 D rows; all others classified by 6 parallel read-only audit agents against service-role/RLS-bypass context, full detail available on request",CLASSIFIED_NO_ACTION,,,
TISO-004,check-tenant-isolation.mjs,apps/api/src/lib/accrual-engine.ts:382 (employee_leave_balance),FALSE_POSITIVE,N/A,"See master-register.md section B (payroll_validation_rules UNKNOWN_FAILURE code-gap analysis) for the 3 D rows; all others classified by 6 parallel read-only audit agents against service-role/RLS-bypass context, full detail available on request",CLASSIFIED_NO_ACTION,,,
TISO-005,check-tenant-isolation.mjs,apps/api/src/lib/accrual-engine.ts:393 (leave_balance_ledger),FALSE_POSITIVE,N/A,"See master-register.md section B (payroll_validation_rules UNKNOWN_FAILURE code-gap analysis) for the 3 D rows; all others classified by 6 parallel read-only audit agents against service-role/RLS-bypass context, full detail available on request",CLASSIFIED_NO_ACTION,,,
TISO-006,check-tenant-isolation.mjs,apps/api/src/lib/accrual-engine.ts:402 (leave_accrual_ledger),FALSE_POSITIVE,N/A,"See master-register.md section B (payroll_validation_rules UNKNOWN_FAILURE code-gap analysis) for the 3 D rows; all others classified by 6 parallel read-only audit agents against service-role/RLS-bypass context, full detail available on request",CLASSIFIED_NO_ACTION,,,
TISO-007,check-tenant-isolation.mjs,apps/api/src/lib/ai/config.ts:76 (ai_managed_config),JUSTIFIED_EXCEPTION,N/A,"See master-register.md section B (payroll_validation_rules UNKNOWN_FAILURE code-gap analysis) for the 3 D rows; all others classified by 6 parallel read-only audit agents against service-role/RLS-bypass context, full detail available on request",CLASSIFIED_NO_ACTION,,,
TISO-008,check-tenant-isolation.mjs,apps/api/src/lib/attendance-api-scheduler.ts:53 (attendance_api_sources),JUSTIFIED_EXCEPTION,N/A,"See master-register.md section B (payroll_validation_rules UNKNOWN_FAILURE code-gap analysis) for the 3 D rows; all others classified by 6 parallel read-only audit agents against service-role/RLS-bypass context, full detail available on request",CLASSIFIED_NO_ACTION,,,
TISO-009,check-tenant-isolation.mjs,apps/api/src/lib/attendance-api-scheduler.ts:97 (attendance_api_sources),JUSTIFIED_EXCEPTION,N/A,"See master-register.md section B (payroll_validation_rules UNKNOWN_FAILURE code-gap analysis) for the 3 D rows; all others classified by 6 parallel read-only audit agents against service-role/RLS-bypass context, full detail available on request",CLASSIFIED_NO_ACTION,,,
TISO-010,check-tenant-isolation.mjs,apps/api/src/lib/attendance-api-scheduler.ts:116 (attendance_api_sources),JUSTIFIED_EXCEPTION,N/A,"See master-register.md section B (payroll_validation_rules UNKNOWN_FAILURE code-gap analysis) for the 3 D rows; all others classified by 6 parallel read-only audit agents against service-role/RLS-bypass context, full detail available on request",CLASSIFIED_NO_ACTION,,,
TISO-011,check-tenant-isolation.mjs,apps/api/src/lib/attendance-api-scheduler.ts:178 (attendance_raw_logs),FALSE_POSITIVE,N/A,"See master-register.md section B (payroll_validation_rules UNKNOWN_FAILURE code-gap analysis) for the 3 D rows; all others classified by 6 parallel read-only audit agents against service-role/RLS-bypass context, full detail available on request",CLASSIFIED_NO_ACTION,,,
TISO-012,check-tenant-isolation.mjs,apps/api/src/lib/attendance-api-scheduler.ts:189 (attendance_api_sources),JUSTIFIED_EXCEPTION,N/A,"See master-register.md section B (payroll_validation_rules UNKNOWN_FAILURE code-gap analysis) for the 3 D rows; all others classified by 6 parallel read-only audit agents against service-role/RLS-bypass context, full detail available on request",CLASSIFIED_NO_ACTION,,,
TISO-013,check-tenant-isolation.mjs,apps/api/src/lib/attendance-engine.ts:1203 (attendance_daily),FALSE_POSITIVE,N/A,"See master-register.md section B (payroll_validation_rules UNKNOWN_FAILURE code-gap analysis) for the 3 D rows; all others classified by 6 parallel read-only audit agents against service-role/RLS-bypass context, full detail available on request",CLASSIFIED_NO_ACTION,,,
TISO-014,check-tenant-isolation.mjs,apps/api/src/lib/attendance-engine.ts:1381 (attendance_daily),FALSE_POSITIVE,N/A,"See master-register.md section B (payroll_validation_rules UNKNOWN_FAILURE code-gap analysis) for the 3 D rows; all others classified by 6 parallel read-only audit agents against service-role/RLS-bypass context, full detail available on request",CLASSIFIED_NO_ACTION,,,
TISO-015,check-tenant-isolation.mjs,apps/api/src/lib/attendance-engine.ts:1452 (attendance_shift_audit_log),FALSE_POSITIVE,N/A,"See master-register.md section B (payroll_validation_rules UNKNOWN_FAILURE code-gap analysis) for the 3 D rows; all others classified by 6 parallel read-only audit agents against service-role/RLS-bypass context, full detail available on request",CLASSIFIED_NO_ACTION,,,
TISO-016,check-tenant-isolation.mjs,apps/api/src/lib/attendance-freshness.ts:259 (attendance_freshness_snapshots),FALSE_POSITIVE,N/A,"See master-register.md section B (payroll_validation_rules UNKNOWN_FAILURE code-gap analysis) for the 3 D rows; all others classified by 6 parallel read-only audit agents against service-role/RLS-bypass context, full detail available on request",CLASSIFIED_NO_ACTION,,,
TISO-017,check-tenant-isolation.mjs,apps/api/src/lib/attendance-processor.ts:317 (attendance_compute_log),FALSE_POSITIVE,N/A,"See master-register.md section B (payroll_validation_rules UNKNOWN_FAILURE code-gap analysis) for the 3 D rows; all others classified by 6 parallel read-only audit agents against service-role/RLS-bypass context, full detail available on request",CLASSIFIED_NO_ACTION,,,
TISO-018,check-tenant-isolation.mjs,apps/api/src/lib/attendance-processor.ts:387 (attendance_audit_log),FALSE_POSITIVE,N/A,"See master-register.md section B (payroll_validation_rules UNKNOWN_FAILURE code-gap analysis) for the 3 D rows; all others classified by 6 parallel read-only audit agents against service-role/RLS-bypass context, full detail available on request",CLASSIFIED_NO_ACTION,,,
TISO-019,check-tenant-isolation.mjs,apps/api/src/lib/attendance-processor.ts:878 (attendance_daily),FALSE_POSITIVE,N/A,"See master-register.md section B (payroll_validation_rules UNKNOWN_FAILURE code-gap analysis) for the 3 D rows; all others classified by 6 parallel read-only audit agents against service-role/RLS-bypass context, full detail available on request",CLASSIFIED_NO_ACTION,,,
TISO-020,check-tenant-isolation.mjs,apps/api/src/lib/attendance-processor.ts:1071 (shifts),FALSE_POSITIVE,N/A,"See master-register.md section B (payroll_validation_rules UNKNOWN_FAILURE code-gap analysis) for the 3 D rows; all others classified by 6 parallel read-only audit agents against service-role/RLS-bypass context, full detail available on request",CLASSIFIED_NO_ACTION,,,
TISO-021,check-tenant-isolation.mjs,apps/api/src/lib/attendance-processor.ts:1088 (attendance_daily),FALSE_POSITIVE,N/A,"See master-register.md section B (payroll_validation_rules UNKNOWN_FAILURE code-gap analysis) for the 3 D rows; all others classified by 6 parallel read-only audit agents against service-role/RLS-bypass context, full detail available on request",CLASSIFIED_NO_ACTION,,,
TISO-022,check-tenant-isolation.mjs,apps/api/src/lib/attendance-reconciliation.ts:109 (attendance_reconciliation_issues),FALSE_POSITIVE,N/A,"See master-register.md section B (payroll_validation_rules UNKNOWN_FAILURE code-gap analysis) for the 3 D rows; all others classified by 6 parallel read-only audit agents against service-role/RLS-bypass context, full detail available on request",CLASSIFIED_NO_ACTION,,,
TISO-023,check-tenant-isolation.mjs,apps/api/src/lib/attendance-reconciliation.ts:640 (attendance_reconciliation_runs),FALSE_POSITIVE,N/A,"See master-register.md section B (payroll_validation_rules UNKNOWN_FAILURE code-gap analysis) for the 3 D rows; all others classified by 6 parallel read-only audit agents against service-role/RLS-bypass context, full detail available on request",CLASSIFIED_NO_ACTION,,,
TISO-024,check-tenant-isolation.mjs,apps/api/src/lib/attendance-state-service.ts:149 (attendance_processing_states),FALSE_POSITIVE,N/A,"See master-register.md section B (payroll_validation_rules UNKNOWN_FAILURE code-gap analysis) for the 3 D rows; all others classified by 6 parallel read-only audit agents against service-role/RLS-bypass context, full detail available on request",CLASSIFIED_NO_ACTION,,,
TISO-025,check-tenant-isolation.mjs,apps/api/src/lib/collision-engine.ts:327 (leave_collision_log),FALSE_POSITIVE,N/A,"See master-register.md section B (payroll_validation_rules UNKNOWN_FAILURE code-gap analysis) for the 3 D rows; all others classified by 6 parallel read-only audit agents against service-role/RLS-bypass context, full detail available on request",CLASSIFIED_NO_ACTION,,,
TISO-026,check-tenant-isolation.mjs,apps/api/src/lib/community-celebrations.ts:109 (feed_posts),FALSE_POSITIVE,N/A,"See master-register.md section B (payroll_validation_rules UNKNOWN_FAILURE code-gap analysis) for the 3 D rows; all others classified by 6 parallel read-only audit agents against service-role/RLS-bypass context, full detail available on request",CLASSIFIED_NO_ACTION,,,
TISO-027,check-tenant-isolation.mjs,apps/api/src/lib/comp-off-service.ts:58 (comp_off_requests),FALSE_POSITIVE,N/A,"See master-register.md section B (payroll_validation_rules UNKNOWN_FAILURE code-gap analysis) for the 3 D rows; all others classified by 6 parallel read-only audit agents against service-role/RLS-bypass context, full detail available on request",CLASSIFIED_NO_ACTION,,,
TISO-028,check-tenant-isolation.mjs,apps/api/src/lib/durable-queue.ts:366 (background_jobs),JUSTIFIED_EXCEPTION,N/A,"See master-register.md section B (payroll_validation_rules UNKNOWN_FAILURE code-gap analysis) for the 3 D rows; all others classified by 6 parallel read-only audit agents against service-role/RLS-bypass context, full detail available on request",CLASSIFIED_NO_ACTION,,,
TISO-029,check-tenant-isolation.mjs,apps/api/src/lib/durable-queue.ts:379 (background_jobs),JUSTIFIED_EXCEPTION,N/A,"See master-register.md section B (payroll_validation_rules UNKNOWN_FAILURE code-gap analysis) for the 3 D rows; all others classified by 6 parallel read-only audit agents against service-role/RLS-bypass context, full detail available on request",CLASSIFIED_NO_ACTION,,,
TISO-030,check-tenant-isolation.mjs,apps/api/src/lib/durable-queue.ts:458 (background_jobs),JUSTIFIED_EXCEPTION,N/A,"See master-register.md section B (payroll_validation_rules UNKNOWN_FAILURE code-gap analysis) for the 3 D rows; all others classified by 6 parallel read-only audit agents against service-role/RLS-bypass context, full detail available on request",CLASSIFIED_NO_ACTION,,,
TISO-031,check-tenant-isolation.mjs,apps/api/src/lib/durable-queue.ts:540 (background_jobs),JUSTIFIED_EXCEPTION,N/A,"See master-register.md section B (payroll_validation_rules UNKNOWN_FAILURE code-gap analysis) for the 3 D rows; all others classified by 6 parallel read-only audit agents against service-role/RLS-bypass context, full detail available on request",CLASSIFIED_NO_ACTION,,,
TISO-032,check-tenant-isolation.mjs,apps/api/src/lib/durable-queue.ts:570 (background_jobs),JUSTIFIED_EXCEPTION,N/A,"See master-register.md section B (payroll_validation_rules UNKNOWN_FAILURE code-gap analysis) for the 3 D rows; all others classified by 6 parallel read-only audit agents against service-role/RLS-bypass context, full detail available on request",CLASSIFIED_NO_ACTION,,,
TISO-033,check-tenant-isolation.mjs,apps/api/src/lib/durable-queue.ts:1000 (module_health),JUSTIFIED_EXCEPTION,N/A,"See master-register.md section B (payroll_validation_rules UNKNOWN_FAILURE code-gap analysis) for the 3 D rows; all others classified by 6 parallel read-only audit agents against service-role/RLS-bypass context, full detail available on request",CLASSIFIED_NO_ACTION,,,
TISO-034,check-tenant-isolation.mjs,apps/api/src/lib/event-emitter.ts:102 (notifications),FALSE_POSITIVE,N/A,"See master-register.md section B (payroll_validation_rules UNKNOWN_FAILURE code-gap analysis) for the 3 D rows; all others classified by 6 parallel read-only audit agents against service-role/RLS-bypass context, full detail available on request",CLASSIFIED_NO_ACTION,,,
TISO-035,check-tenant-isolation.mjs,apps/api/src/lib/fbp-service.ts:184 (fbp_reconciliations),FALSE_POSITIVE,N/A,"See master-register.md section B (payroll_validation_rules UNKNOWN_FAILURE code-gap analysis) for the 3 D rows; all others classified by 6 parallel read-only audit agents against service-role/RLS-bypass context, full detail available on request",CLASSIFIED_NO_ACTION,,,
TISO-036,check-tenant-isolation.mjs,apps/api/src/lib/import-engine/chunk-executor.ts:179 (import_job_errors),FALSE_POSITIVE,N/A,"See master-register.md section B (payroll_validation_rules UNKNOWN_FAILURE code-gap analysis) for the 3 D rows; all others classified by 6 parallel read-only audit agents against service-role/RLS-bypass context, full detail available on request",CLASSIFIED_NO_ACTION,,,
TISO-037,check-tenant-isolation.mjs,apps/api/src/lib/import-engine/chunk-executor.ts:207 (import_job_chunks),FALSE_POSITIVE,N/A,"See master-register.md section B (payroll_validation_rules UNKNOWN_FAILURE code-gap analysis) for the 3 D rows; all others classified by 6 parallel read-only audit agents against service-role/RLS-bypass context, full detail available on request",CLASSIFIED_NO_ACTION,,,
TISO-038,check-tenant-isolation.mjs,apps/api/src/lib/import-engine/chunk-executor.ts:260 (import_job_chunks),FALSE_POSITIVE,N/A,"See master-register.md section B (payroll_validation_rules UNKNOWN_FAILURE code-gap analysis) for the 3 D rows; all others classified by 6 parallel read-only audit agents against service-role/RLS-bypass context, full detail available on request",CLASSIFIED_NO_ACTION,,,
TISO-039,check-tenant-isolation.mjs,apps/api/src/lib/import-engine/chunk-executor.ts:286 (import_jobs),FALSE_POSITIVE,N/A,"See master-register.md section B (payroll_validation_rules UNKNOWN_FAILURE code-gap analysis) for the 3 D rows; all others classified by 6 parallel read-only audit agents against service-role/RLS-bypass context, full detail available on request",CLASSIFIED_NO_ACTION,,,
TISO-040,check-tenant-isolation.mjs,apps/api/src/lib/import-engine/chunk-executor.ts:300 (import_jobs),FALSE_POSITIVE,N/A,"See master-register.md section B (payroll_validation_rules UNKNOWN_FAILURE code-gap analysis) for the 3 D rows; all others classified by 6 parallel read-only audit agents against service-role/RLS-bypass context, full detail available on request",CLASSIFIED_NO_ACTION,,,
TISO-041,check-tenant-isolation.mjs,apps/api/src/lib/import-engine/chunk-executor.ts:319 (import_jobs),FALSE_POSITIVE,N/A,"See master-register.md section B (payroll_validation_rules UNKNOWN_FAILURE code-gap analysis) for the 3 D rows; all others classified by 6 parallel read-only audit agents against service-role/RLS-bypass context, full detail available on request",CLASSIFIED_NO_ACTION,,,
TISO-042,check-tenant-isolation.mjs,apps/api/src/lib/import-engine/chunk-executor.ts:346 (import_jobs),FALSE_POSITIVE,N/A,"See master-register.md section B (payroll_validation_rules UNKNOWN_FAILURE code-gap analysis) for the 3 D rows; all others classified by 6 parallel read-only audit agents against service-role/RLS-bypass context, full detail available on request",CLASSIFIED_NO_ACTION,,,
TISO-043,check-tenant-isolation.mjs,apps/api/src/lib/import-engine/chunk-executor.ts:359 (import_job_chunks),FALSE_POSITIVE,N/A,"See master-register.md section B (payroll_validation_rules UNKNOWN_FAILURE code-gap analysis) for the 3 D rows; all others classified by 6 parallel read-only audit agents against service-role/RLS-bypass context, full detail available on request",CLASSIFIED_NO_ACTION,,,
TISO-044,check-tenant-isolation.mjs,apps/api/src/lib/import-engine/chunk-executor.ts:403 (import_job_chunks),FALSE_POSITIVE,N/A,"See master-register.md section B (payroll_validation_rules UNKNOWN_FAILURE code-gap analysis) for the 3 D rows; all others classified by 6 parallel read-only audit agents against service-role/RLS-bypass context, full detail available on request",CLASSIFIED_NO_ACTION,,,
TISO-045,check-tenant-isolation.mjs,apps/api/src/lib/import-engine/chunk-executor.ts:416 (import_jobs),FALSE_POSITIVE,N/A,"See master-register.md section B (payroll_validation_rules UNKNOWN_FAILURE code-gap analysis) for the 3 D rows; all others classified by 6 parallel read-only audit agents against service-role/RLS-bypass context, full detail available on request",CLASSIFIED_NO_ACTION,,,
TISO-046,check-tenant-isolation.mjs,apps/api/src/lib/import-engine/chunk-executor.ts:459 (import_job_chunks),FALSE_POSITIVE,N/A,"See master-register.md section B (payroll_validation_rules UNKNOWN_FAILURE code-gap analysis) for the 3 D rows; all others classified by 6 parallel read-only audit agents against service-role/RLS-bypass context, full detail available on request",CLASSIFIED_NO_ACTION,,,
TISO-047,check-tenant-isolation.mjs,apps/api/src/lib/import-engine/chunk-executor.ts:487 (import_jobs),FALSE_POSITIVE,N/A,"See master-register.md section B (payroll_validation_rules UNKNOWN_FAILURE code-gap analysis) for the 3 D rows; all others classified by 6 parallel read-only audit agents against service-role/RLS-bypass context, full detail available on request",CLASSIFIED_NO_ACTION,,,
TISO-048,check-tenant-isolation.mjs,apps/api/src/lib/import-engine/importer.ts:986 (employee_bank_statutory),FALSE_POSITIVE,N/A,"See master-register.md section B (payroll_validation_rules UNKNOWN_FAILURE code-gap analysis) for the 3 D rows; all others classified by 6 parallel read-only audit agents against service-role/RLS-bypass context, full detail available on request",CLASSIFIED_NO_ACTION,,,
TISO-049,check-tenant-isolation.mjs,apps/api/src/lib/import-engine/importer.ts:1086 (rotation_policy_rules),FALSE_POSITIVE,N/A,"See master-register.md section B (payroll_validation_rules UNKNOWN_FAILURE code-gap analysis) for the 3 D rows; all others classified by 6 parallel read-only audit agents against service-role/RLS-bypass context, full detail available on request",CLASSIFIED_NO_ACTION,,,
TISO-050,check-tenant-isolation.mjs,apps/api/src/lib/import-engine/importer.ts:1349 (import_jobs),FALSE_POSITIVE,N/A,"See master-register.md section B (payroll_validation_rules UNKNOWN_FAILURE code-gap analysis) for the 3 D rows; all others classified by 6 parallel read-only audit agents against service-role/RLS-bypass context, full detail available on request",CLASSIFIED_NO_ACTION,,,
TISO-051,check-tenant-isolation.mjs,apps/api/src/lib/import-engine/importer.ts:1359 (import_jobs),FALSE_POSITIVE,N/A,"See master-register.md section B (payroll_validation_rules UNKNOWN_FAILURE code-gap analysis) for the 3 D rows; all others classified by 6 parallel read-only audit agents against service-role/RLS-bypass context, full detail available on request",CLASSIFIED_NO_ACTION,,,
TISO-052,check-tenant-isolation.mjs,apps/api/src/lib/import-engine/importer.ts:1382 (import_jobs),FALSE_POSITIVE,N/A,"See master-register.md section B (payroll_validation_rules UNKNOWN_FAILURE code-gap analysis) for the 3 D rows; all others classified by 6 parallel read-only audit agents against service-role/RLS-bypass context, full detail available on request",CLASSIFIED_NO_ACTION,,,
TISO-053,check-tenant-isolation.mjs,apps/api/src/lib/import-engine/importer.ts:1461 (import_jobs),FALSE_POSITIVE,N/A,"See master-register.md section B (payroll_validation_rules UNKNOWN_FAILURE code-gap analysis) for the 3 D rows; all others classified by 6 parallel read-only audit agents against service-role/RLS-bypass context, full detail available on request",CLASSIFIED_NO_ACTION,,,
TISO-054,check-tenant-isolation.mjs,apps/api/src/lib/import-engine/importer.ts:1485 (import_jobs),FALSE_POSITIVE,N/A,"See master-register.md section B (payroll_validation_rules UNKNOWN_FAILURE code-gap analysis) for the 3 D rows; all others classified by 6 parallel read-only audit agents against service-role/RLS-bypass context, full detail available on request",CLASSIFIED_NO_ACTION,,,
TISO-055,check-tenant-isolation.mjs,apps/api/src/lib/import-engine/salary-upload.ts:1166 (employee_compensation_components),FALSE_POSITIVE,N/A,"See master-register.md section B (payroll_validation_rules UNKNOWN_FAILURE code-gap analysis) for the 3 D rows; all others classified by 6 parallel read-only audit agents against service-role/RLS-bypass context, full detail available on request",CLASSIFIED_NO_ACTION,,,
TISO-056,check-tenant-isolation.mjs,apps/api/src/lib/import-engine/salary-upload.ts:1169 (employee_compensations),FALSE_POSITIVE,N/A,"See master-register.md section B (payroll_validation_rules UNKNOWN_FAILURE code-gap analysis) for the 3 D rows; all others classified by 6 parallel read-only audit agents against service-role/RLS-bypass context, full detail available on request",CLASSIFIED_NO_ACTION,,,
TISO-057,check-tenant-isolation.mjs,apps/api/src/lib/import-engine/salary-upload.ts:1193 (employee_compensations),FALSE_POSITIVE,N/A,"See master-register.md section B (payroll_validation_rules UNKNOWN_FAILURE code-gap analysis) for the 3 D rows; all others classified by 6 parallel read-only audit agents against service-role/RLS-bypass context, full detail available on request",CLASSIFIED_NO_ACTION,,,
TISO-058,check-tenant-isolation.mjs,apps/api/src/lib/import-engine/salary-upload.ts:1199 (employee_compensations),FALSE_POSITIVE,N/A,"See master-register.md section B (payroll_validation_rules UNKNOWN_FAILURE code-gap analysis) for the 3 D rows; all others classified by 6 parallel read-only audit agents against service-role/RLS-bypass context, full detail available on request",CLASSIFIED_NO_ACTION,,,
TISO-059,check-tenant-isolation.mjs,apps/api/src/lib/import-engine/salary-upload.ts:1258 (import_job_rows),FALSE_POSITIVE,N/A,"See master-register.md section B (payroll_validation_rules UNKNOWN_FAILURE code-gap analysis) for the 3 D rows; all others classified by 6 parallel read-only audit agents against service-role/RLS-bypass context, full detail available on request",CLASSIFIED_NO_ACTION,,,
TISO-060,check-tenant-isolation.mjs,apps/api/src/lib/import-engine/salary-upload.ts:1288 (import_jobs),FALSE_POSITIVE,N/A,"See master-register.md section B (payroll_validation_rules UNKNOWN_FAILURE code-gap analysis) for the 3 D rows; all others classified by 6 parallel read-only audit agents against service-role/RLS-bypass context, full detail available on request",CLASSIFIED_NO_ACTION,,,
TISO-061,check-tenant-isolation.mjs,apps/api/src/lib/import-engine/salary-upload.ts:1299 (import_jobs),FALSE_POSITIVE,N/A,"See master-register.md section B (payroll_validation_rules UNKNOWN_FAILURE code-gap analysis) for the 3 D rows; all others classified by 6 parallel read-only audit agents against service-role/RLS-bypass context, full detail available on request",CLASSIFIED_NO_ACTION,,,
TISO-062,check-tenant-isolation.mjs,apps/api/src/lib/import-engine/salary-upload.ts:1313 (import_jobs),FALSE_POSITIVE,N/A,"See master-register.md section B (payroll_validation_rules UNKNOWN_FAILURE code-gap analysis) for the 3 D rows; all others classified by 6 parallel read-only audit agents against service-role/RLS-bypass context, full detail available on request",CLASSIFIED_NO_ACTION,,,
TISO-063,check-tenant-isolation.mjs,apps/api/src/lib/import-engine/salary-upload.ts:1358 (import_jobs),FALSE_POSITIVE,N/A,"See master-register.md section B (payroll_validation_rules UNKNOWN_FAILURE code-gap analysis) for the 3 D rows; all others classified by 6 parallel read-only audit agents against service-role/RLS-bypass context, full detail available on request",CLASSIFIED_NO_ACTION,,,
TISO-064,check-tenant-isolation.mjs,apps/api/src/lib/import-engine/salary-upload.ts:1379 (import_jobs),FALSE_POSITIVE,N/A,"See master-register.md section B (payroll_validation_rules UNKNOWN_FAILURE code-gap analysis) for the 3 D rows; all others classified by 6 parallel read-only audit agents against service-role/RLS-bypass context, full detail available on request",CLASSIFIED_NO_ACTION,,,
TISO-065,check-tenant-isolation.mjs,apps/api/src/lib/import-pipeline/service.ts:145 (import_job_chunks),FALSE_POSITIVE,N/A,"See master-register.md section B (payroll_validation_rules UNKNOWN_FAILURE code-gap analysis) for the 3 D rows; all others classified by 6 parallel read-only audit agents against service-role/RLS-bypass context, full detail available on request",CLASSIFIED_NO_ACTION,,,
TISO-066,check-tenant-isolation.mjs,apps/api/src/lib/import-pipeline/service.ts:156 (import_job_chunks),FALSE_POSITIVE,N/A,"See master-register.md section B (payroll_validation_rules UNKNOWN_FAILURE code-gap analysis) for the 3 D rows; all others classified by 6 parallel read-only audit agents against service-role/RLS-bypass context, full detail available on request",CLASSIFIED_NO_ACTION,,,
TISO-067,check-tenant-isolation.mjs,apps/api/src/lib/import-pipeline/service.ts:174 (import_job_chunks),FALSE_POSITIVE,N/A,"See master-register.md section B (payroll_validation_rules UNKNOWN_FAILURE code-gap analysis) for the 3 D rows; all others classified by 6 parallel read-only audit agents against service-role/RLS-bypass context, full detail available on request",CLASSIFIED_NO_ACTION,,,
TISO-068,check-tenant-isolation.mjs,apps/api/src/lib/import-pipeline/service.ts:194 (import_job_chunks),FALSE_POSITIVE,N/A,"See master-register.md section B (payroll_validation_rules UNKNOWN_FAILURE code-gap analysis) for the 3 D rows; all others classified by 6 parallel read-only audit agents against service-role/RLS-bypass context, full detail available on request",CLASSIFIED_NO_ACTION,,,
TISO-069,check-tenant-isolation.mjs,apps/api/src/lib/import-pipeline/service.ts:212 (import_job_chunks),FALSE_POSITIVE,N/A,"See master-register.md section B (payroll_validation_rules UNKNOWN_FAILURE code-gap analysis) for the 3 D rows; all others classified by 6 parallel read-only audit agents against service-role/RLS-bypass context, full detail available on request",CLASSIFIED_NO_ACTION,,,
TISO-070,check-tenant-isolation.mjs,apps/api/src/lib/import-pipeline/service.ts:244 (import_job_errors),FALSE_POSITIVE,N/A,"See master-register.md section B (payroll_validation_rules UNKNOWN_FAILURE code-gap analysis) for the 3 D rows; all others classified by 6 parallel read-only audit agents against service-role/RLS-bypass context, full detail available on request",CLASSIFIED_NO_ACTION,,,
TISO-071,check-tenant-isolation.mjs,apps/api/src/lib/import-pipeline/service.ts:247 (import_job_chunks),FALSE_POSITIVE,N/A,"See master-register.md section B (payroll_validation_rules UNKNOWN_FAILURE code-gap analysis) for the 3 D rows; all others classified by 6 parallel read-only audit agents against service-role/RLS-bypass context, full detail available on request",CLASSIFIED_NO_ACTION,,,
TISO-072,check-tenant-isolation.mjs,apps/api/src/lib/import-pipeline/service.ts:270 (import_job_errors),FALSE_POSITIVE,N/A,"See master-register.md section B (payroll_validation_rules UNKNOWN_FAILURE code-gap analysis) for the 3 D rows; all others classified by 6 parallel read-only audit agents against service-role/RLS-bypass context, full detail available on request",CLASSIFIED_NO_ACTION,,,
TISO-073,check-tenant-isolation.mjs,apps/api/src/lib/insurance-provider.ts:65 (insurance_outbox),FALSE_POSITIVE,N/A,"See master-register.md section B (payroll_validation_rules UNKNOWN_FAILURE code-gap analysis) for the 3 D rows; all others classified by 6 parallel read-only audit agents against service-role/RLS-bypass context, full detail available on request",CLASSIFIED_NO_ACTION,,,
TISO-074,check-tenant-isolation.mjs,apps/api/src/lib/insurance-provider.ts:115 (insurance_outbox),FALSE_POSITIVE,N/A,"See master-register.md section B (payroll_validation_rules UNKNOWN_FAILURE code-gap analysis) for the 3 D rows; all others classified by 6 parallel read-only audit agents against service-role/RLS-bypass context, full detail available on request",CLASSIFIED_NO_ACTION,,,
TISO-075,check-tenant-isolation.mjs,apps/api/src/lib/intelligence-scanner.ts:1125 (survey_response_analysis),FALSE_POSITIVE,N/A,"See master-register.md section B (payroll_validation_rules UNKNOWN_FAILURE code-gap analysis) for the 3 D rows; all others classified by 6 parallel read-only audit agents against service-role/RLS-bypass context, full detail available on request",CLASSIFIED_NO_ACTION,,,
TISO-076,check-tenant-isolation.mjs,apps/api/src/lib/intelligence-scanner.ts:1170 (survey_assignments),FALSE_POSITIVE,N/A,"See master-register.md section B (payroll_validation_rules UNKNOWN_FAILURE code-gap analysis) for the 3 D rows; all others classified by 6 parallel read-only audit agents against service-role/RLS-bypass context, full detail available on request",CLASSIFIED_NO_ACTION,,,
TISO-077,check-tenant-isolation.mjs,apps/api/src/lib/intelligence-scanner.ts:1178 (survey_assignments),FALSE_POSITIVE,N/A,"See master-register.md section B (payroll_validation_rules UNKNOWN_FAILURE code-gap analysis) for the 3 D rows; all others classified by 6 parallel read-only audit agents against service-role/RLS-bypass context, full detail available on request",CLASSIFIED_NO_ACTION,,,
TISO-078,check-tenant-isolation.mjs,apps/api/src/lib/leave-entitlement-service.ts:443 (employee_leave_balance),FALSE_POSITIVE,N/A,"See master-register.md section B (payroll_validation_rules UNKNOWN_FAILURE code-gap analysis) for the 3 D rows; all others classified by 6 parallel read-only audit agents against service-role/RLS-bypass context, full detail available on request",CLASSIFIED_NO_ACTION,,,
TISO-079,check-tenant-isolation.mjs,apps/api/src/lib/leave-entitlement-service.ts:568 (employee_leave_balance),FALSE_POSITIVE,N/A,"See master-register.md section B (payroll_validation_rules UNKNOWN_FAILURE code-gap analysis) for the 3 D rows; all others classified by 6 parallel read-only audit agents against service-role/RLS-bypass context, full detail available on request",CLASSIFIED_NO_ACTION,,,
TISO-080,check-tenant-isolation.mjs,apps/api/src/lib/leave-entitlement-service.ts:696 (employee_leave_balance),FALSE_POSITIVE,N/A,"See master-register.md section B (payroll_validation_rules UNKNOWN_FAILURE code-gap analysis) for the 3 D rows; all others classified by 6 parallel read-only audit agents against service-role/RLS-bypass context, full detail available on request",CLASSIFIED_NO_ACTION,,,
TISO-081,check-tenant-isolation.mjs,apps/api/src/lib/leave-event-engine.ts:284 (leave_event_grants),FALSE_POSITIVE,N/A,"See master-register.md section B (payroll_validation_rules UNKNOWN_FAILURE code-gap analysis) for the 3 D rows; all others classified by 6 parallel read-only audit agents against service-role/RLS-bypass context, full detail available on request",CLASSIFIED_NO_ACTION,,,
TISO-082,check-tenant-isolation.mjs,apps/api/src/lib/leave-event-engine.ts:369 (leave_event_grants),FALSE_POSITIVE,N/A,"See master-register.md section B (payroll_validation_rules UNKNOWN_FAILURE code-gap analysis) for the 3 D rows; all others classified by 6 parallel read-only audit agents against service-role/RLS-bypass context, full detail available on request",CLASSIFIED_NO_ACTION,,,
TISO-083,check-tenant-isolation.mjs,apps/api/src/lib/leave-jobs.ts:142 (leave_job_log),FALSE_POSITIVE,N/A,"See master-register.md section B (payroll_validation_rules UNKNOWN_FAILURE code-gap analysis) for the 3 D rows; all others classified by 6 parallel read-only audit agents against service-role/RLS-bypass context, full detail available on request",CLASSIFIED_NO_ACTION,,,
TISO-084,check-tenant-isolation.mjs,apps/api/src/lib/leave-jobs.ts:496 (leave_accrual_ledger),FALSE_POSITIVE,N/A,"See master-register.md section B (payroll_validation_rules UNKNOWN_FAILURE code-gap analysis) for the 3 D rows; all others classified by 6 parallel read-only audit agents against service-role/RLS-bypass context, full detail available on request",CLASSIFIED_NO_ACTION,,,
TISO-085,check-tenant-isolation.mjs,apps/api/src/lib/leave-jobs.ts:517 (employee_leave_balance),FALSE_POSITIVE,N/A,"See master-register.md section B (payroll_validation_rules UNKNOWN_FAILURE code-gap analysis) for the 3 D rows; all others classified by 6 parallel read-only audit agents against service-role/RLS-bypass context, full detail available on request",CLASSIFIED_NO_ACTION,,,
TISO-086,check-tenant-isolation.mjs,apps/api/src/lib/leave-jobs.ts:568 (leave_job_log),FALSE_POSITIVE,N/A,"See master-register.md section B (payroll_validation_rules UNKNOWN_FAILURE code-gap analysis) for the 3 D rows; all others classified by 6 parallel read-only audit agents against service-role/RLS-bypass context, full detail available on request",CLASSIFIED_NO_ACTION,,,
TISO-087,check-tenant-isolation.mjs,apps/api/src/lib/leave-jobs.ts:720 (leave_job_log),FALSE_POSITIVE,N/A,"See master-register.md section B (payroll_validation_rules UNKNOWN_FAILURE code-gap analysis) for the 3 D rows; all others classified by 6 parallel read-only audit agents against service-role/RLS-bypass context, full detail available on request",CLASSIFIED_NO_ACTION,,,
TISO-088,check-tenant-isolation.mjs,apps/api/src/lib/leave-jobs.ts:804 (employee_leave_balance),FALSE_POSITIVE,N/A,"See master-register.md section B (payroll_validation_rules UNKNOWN_FAILURE code-gap analysis) for the 3 D rows; all others classified by 6 parallel read-only audit agents against service-role/RLS-bypass context, full detail available on request",CLASSIFIED_NO_ACTION,,,
TISO-089,check-tenant-isolation.mjs,apps/api/src/lib/leave-jobs.ts:848 (leave_accrual_ledger),FALSE_POSITIVE,N/A,"See master-register.md section B (payroll_validation_rules UNKNOWN_FAILURE code-gap analysis) for the 3 D rows; all others classified by 6 parallel read-only audit agents against service-role/RLS-bypass context, full detail available on request",CLASSIFIED_NO_ACTION,,,
TISO-090,check-tenant-isolation.mjs,apps/api/src/lib/leave-jobs.ts:1004 (leave_accrual_ledger),FALSE_POSITIVE,N/A,"See master-register.md section B (payroll_validation_rules UNKNOWN_FAILURE code-gap analysis) for the 3 D rows; all others classified by 6 parallel read-only audit agents against service-role/RLS-bypass context, full detail available on request",CLASSIFIED_NO_ACTION,,,
TISO-091,check-tenant-isolation.mjs,apps/api/src/lib/leave-jobs.ts:1208 (leave_accrual_ledger),FALSE_POSITIVE,N/A,"See master-register.md section B (payroll_validation_rules UNKNOWN_FAILURE code-gap analysis) for the 3 D rows; all others classified by 6 parallel read-only audit agents against service-role/RLS-bypass context, full detail available on request",CLASSIFIED_NO_ACTION,,,
TISO-092,check-tenant-isolation.mjs,apps/api/src/lib/leave-jobs.ts:1231 (employee_leave_balance),FALSE_POSITIVE,N/A,"See master-register.md section B (payroll_validation_rules UNKNOWN_FAILURE code-gap analysis) for the 3 D rows; all others classified by 6 parallel read-only audit agents against service-role/RLS-bypass context, full detail available on request",CLASSIFIED_NO_ACTION,,,
TISO-093,check-tenant-isolation.mjs,apps/api/src/lib/leave-jobs.ts:1867 (leave_accrual_ledger),FALSE_POSITIVE,N/A,"See master-register.md section B (payroll_validation_rules UNKNOWN_FAILURE code-gap analysis) for the 3 D rows; all others classified by 6 parallel read-only audit agents against service-role/RLS-bypass context, full detail available on request",CLASSIFIED_NO_ACTION,,,
TISO-094,check-tenant-isolation.mjs,apps/api/src/lib/leave-ledger-service.ts:532 (leave_accrual_ledger),FALSE_POSITIVE,N/A,"See master-register.md section B (payroll_validation_rules UNKNOWN_FAILURE code-gap analysis) for the 3 D rows; all others classified by 6 parallel read-only audit agents against service-role/RLS-bypass context, full detail available on request",CLASSIFIED_NO_ACTION,,,
TISO-095,check-tenant-isolation.mjs,apps/api/src/lib/leave-policy-service.ts:535 (leave_policy_masters),FALSE_POSITIVE,N/A,"See master-register.md section B (payroll_validation_rules UNKNOWN_FAILURE code-gap analysis) for the 3 D rows; all others classified by 6 parallel read-only audit agents against service-role/RLS-bypass context, full detail available on request",CLASSIFIED_NO_ACTION,,,
TISO-096,check-tenant-isolation.mjs,apps/api/src/lib/leave-policy-service.ts:644 (leave_policy_masters),FALSE_POSITIVE,N/A,"See master-register.md section B (payroll_validation_rules UNKNOWN_FAILURE code-gap analysis) for the 3 D rows; all others classified by 6 parallel read-only audit agents against service-role/RLS-bypass context, full detail available on request",CLASSIFIED_NO_ACTION,,,
TISO-097,check-tenant-isolation.mjs,apps/api/src/lib/leave-policy-service.ts:838 (leave_policy_masters),FALSE_POSITIVE,N/A,"See master-register.md section B (payroll_validation_rules UNKNOWN_FAILURE code-gap analysis) for the 3 D rows; all others classified by 6 parallel read-only audit agents against service-role/RLS-bypass context, full detail available on request",CLASSIFIED_NO_ACTION,,,
TISO-098,check-tenant-isolation.mjs,apps/api/src/lib/leave-reconciliation.ts:510 (leave_reconciliation_runs),FALSE_POSITIVE,N/A,"See master-register.md section B (payroll_validation_rules UNKNOWN_FAILURE code-gap analysis) for the 3 D rows; all others classified by 6 parallel read-only audit agents against service-role/RLS-bypass context, full detail available on request",CLASSIFIED_NO_ACTION,,,
TISO-099,check-tenant-isolation.mjs,apps/api/src/lib/leave-scheduler.ts:164 (leave_job_log),JUSTIFIED_EXCEPTION,N/A,"See master-register.md section B (payroll_validation_rules UNKNOWN_FAILURE code-gap analysis) for the 3 D rows; all others classified by 6 parallel read-only audit agents against service-role/RLS-bypass context, full detail available on request",CLASSIFIED_NO_ACTION,,,
TISO-100,check-tenant-isolation.mjs,apps/api/src/lib/leave-scheduler.ts:200 (upload_sessions),JUSTIFIED_EXCEPTION,N/A,"See master-register.md section B (payroll_validation_rules UNKNOWN_FAILURE code-gap analysis) for the 3 D rows; all others classified by 6 parallel read-only audit agents against service-role/RLS-bypass context, full detail available on request",CLASSIFIED_NO_ACTION,,,
TISO-101,check-tenant-isolation.mjs,apps/api/src/lib/ledger-writer.ts:53 (payroll_explainability_ledger),FALSE_POSITIVE,N/A,"See master-register.md section B (payroll_validation_rules UNKNOWN_FAILURE code-gap analysis) for the 3 D rows; all others classified by 6 parallel read-only audit agents against service-role/RLS-bypass context, full detail available on request",CLASSIFIED_NO_ACTION,,,
TISO-102,check-tenant-isolation.mjs,apps/api/src/lib/ledger-writer.ts:74 (payroll_explainability_ledger),FALSE_POSITIVE,N/A,"See master-register.md section B (payroll_validation_rules UNKNOWN_FAILURE code-gap analysis) for the 3 D rows; all others classified by 6 parallel read-only audit agents against service-role/RLS-bypass context, full detail available on request",CLASSIFIED_NO_ACTION,,,
TISO-103,check-tenant-isolation.mjs,apps/api/src/lib/notify.ts:121 (inbox_items),FALSE_POSITIVE,N/A,"See master-register.md section B (payroll_validation_rules UNKNOWN_FAILURE code-gap analysis) for the 3 D rows; all others classified by 6 parallel read-only audit agents against service-role/RLS-bypass context, full detail available on request",CLASSIFIED_NO_ACTION,,,
TISO-104,check-tenant-isolation.mjs,apps/api/src/lib/notify.ts:187 (scheduler_job_log),FALSE_POSITIVE,N/A,"See master-register.md section B (payroll_validation_rules UNKNOWN_FAILURE code-gap analysis) for the 3 D rows; all others classified by 6 parallel read-only audit agents against service-role/RLS-bypass context, full detail available on request",CLASSIFIED_NO_ACTION,,,
TISO-105,check-tenant-isolation.mjs,apps/api/src/lib/notify.ts:196 (scheduler_job_log),FALSE_POSITIVE,N/A,"See master-register.md section B (payroll_validation_rules UNKNOWN_FAILURE code-gap analysis) for the 3 D rows; all others classified by 6 parallel read-only audit agents against service-role/RLS-bypass context, full detail available on request",CLASSIFIED_NO_ACTION,,,
TISO-106,check-tenant-isolation.mjs,apps/api/src/lib/onboarding-orchestrator.ts:385 (inbox_items),FALSE_POSITIVE,N/A,"See master-register.md section B (payroll_validation_rules UNKNOWN_FAILURE code-gap analysis) for the 3 D rows; all others classified by 6 parallel read-only audit agents against service-role/RLS-bypass context, full detail available on request",CLASSIFIED_NO_ACTION,,,
TISO-107,check-tenant-isolation.mjs,apps/api/src/lib/onboarding-orchestrator.ts:432 (onboarding_lifecycle_events),FALSE_POSITIVE,N/A,"See master-register.md section B (payroll_validation_rules UNKNOWN_FAILURE code-gap analysis) for the 3 D rows; all others classified by 6 parallel read-only audit agents against service-role/RLS-bypass context, full detail available on request",CLASSIFIED_NO_ACTION,,,
TISO-108,check-tenant-isolation.mjs,apps/api/src/lib/onboarding-orchestrator.ts:734 (employee_onboarding_tasks),FALSE_POSITIVE,N/A,"See master-register.md section B (payroll_validation_rules UNKNOWN_FAILURE code-gap analysis) for the 3 D rows; all others classified by 6 parallel read-only audit agents against service-role/RLS-bypass context, full detail available on request",CLASSIFIED_NO_ACTION,,,
TISO-109,check-tenant-isolation.mjs,apps/api/src/lib/payroll-accounting-engine.ts:646 (employees),FALSE_POSITIVE,N/A,"See master-register.md section B (payroll_validation_rules UNKNOWN_FAILURE code-gap analysis) for the 3 D rows; all others classified by 6 parallel read-only audit agents against service-role/RLS-bypass context, full detail available on request",CLASSIFIED_NO_ACTION,,,
TISO-110,check-tenant-isolation.mjs,apps/api/src/lib/payroll-accounting-engine.ts:680 (payroll_financial_ledgers),FALSE_POSITIVE,N/A,"See master-register.md section B (payroll_validation_rules UNKNOWN_FAILURE code-gap analysis) for the 3 D rows; all others classified by 6 parallel read-only audit agents against service-role/RLS-bypass context, full detail available on request",CLASSIFIED_NO_ACTION,,,
TISO-111,check-tenant-isolation.mjs,apps/api/src/lib/payroll-accounting-engine.ts:762 (payroll_ledger_entries),FALSE_POSITIVE,N/A,"See master-register.md section B (payroll_validation_rules UNKNOWN_FAILURE code-gap analysis) for the 3 D rows; all others classified by 6 parallel read-only audit agents against service-role/RLS-bypass context, full detail available on request",CLASSIFIED_NO_ACTION,,,
TISO-112,check-tenant-isolation.mjs,apps/api/src/lib/payroll-accounting-engine.ts:770 (payroll_ledger_entries),FALSE_POSITIVE,N/A,"See master-register.md section B (payroll_validation_rules UNKNOWN_FAILURE code-gap analysis) for the 3 D rows; all others classified by 6 parallel read-only audit agents against service-role/RLS-bypass context, full detail available on request",CLASSIFIED_NO_ACTION,,,
TISO-113,check-tenant-isolation.mjs,apps/api/src/lib/payroll-accounting-engine.ts:779 (payroll_financial_ledgers),FALSE_POSITIVE,N/A,"See master-register.md section B (payroll_validation_rules UNKNOWN_FAILURE code-gap analysis) for the 3 D rows; all others classified by 6 parallel read-only audit agents against service-role/RLS-bypass context, full detail available on request",CLASSIFIED_NO_ACTION,,,
TISO-114,check-tenant-isolation.mjs,apps/api/src/lib/payroll-accounting-engine.ts:836 (payroll_cost_allocations),FALSE_POSITIVE,N/A,"See master-register.md section B (payroll_validation_rules UNKNOWN_FAILURE code-gap analysis) for the 3 D rows; all others classified by 6 parallel read-only audit agents against service-role/RLS-bypass context, full detail available on request",CLASSIFIED_NO_ACTION,,,
TISO-115,check-tenant-isolation.mjs,apps/api/src/lib/payroll-accounting-engine.ts:941 (payroll_ledger_entries),FALSE_POSITIVE,N/A,"See master-register.md section B (payroll_validation_rules UNKNOWN_FAILURE code-gap analysis) for the 3 D rows; all others classified by 6 parallel read-only audit agents against service-role/RLS-bypass context, full detail available on request",CLASSIFIED_NO_ACTION,,,
TISO-116,check-tenant-isolation.mjs,apps/api/src/lib/payroll-accounting-engine.ts:946 (payroll_financial_ledgers),FALSE_POSITIVE,N/A,"See master-register.md section B (payroll_validation_rules UNKNOWN_FAILURE code-gap analysis) for the 3 D rows; all others classified by 6 parallel read-only audit agents against service-role/RLS-bypass context, full detail available on request",CLASSIFIED_NO_ACTION,,,
TISO-117,check-tenant-isolation.mjs,apps/api/src/lib/payroll-accounting-engine.ts:988 (departments),FALSE_POSITIVE,N/A,"See master-register.md section B (payroll_validation_rules UNKNOWN_FAILURE code-gap analysis) for the 3 D rows; all others classified by 6 parallel read-only audit agents against service-role/RLS-bypass context, full detail available on request",CLASSIFIED_NO_ACTION,,,
TISO-118,check-tenant-isolation.mjs,apps/api/src/lib/payroll-accounting-engine.ts:992 (cost_centers),FALSE_POSITIVE,N/A,"See master-register.md section B (payroll_validation_rules UNKNOWN_FAILURE code-gap analysis) for the 3 D rows; all others classified by 6 parallel read-only audit agents against service-role/RLS-bypass context, full detail available on request",CLASSIFIED_NO_ACTION,,,
TISO-119,check-tenant-isolation.mjs,apps/api/src/lib/payroll-compensation-coverage.ts:207 (employee_compensation_components),FALSE_POSITIVE,N/A,"See master-register.md section B (payroll_validation_rules UNKNOWN_FAILURE code-gap analysis) for the 3 D rows; all others classified by 6 parallel read-only audit agents against service-role/RLS-bypass context, full detail available on request",CLASSIFIED_NO_ACTION,,,
TISO-120,check-tenant-isolation.mjs,apps/api/src/lib/payroll-engine.ts:734 (employee_compensation_components),FALSE_POSITIVE,N/A,"See master-register.md section B (payroll_validation_rules UNKNOWN_FAILURE code-gap analysis) for the 3 D rows; all others classified by 6 parallel read-only audit agents against service-role/RLS-bypass context, full detail available on request",CLASSIFIED_NO_ACTION,,,
TISO-121,check-tenant-isolation.mjs,apps/api/src/lib/payroll-snapshot-engine.ts:590 (employees),FALSE_POSITIVE,N/A,"See master-register.md section B (payroll_validation_rules UNKNOWN_FAILURE code-gap analysis) for the 3 D rows; all others classified by 6 parallel read-only audit agents against service-role/RLS-bypass context, full detail available on request",CLASSIFIED_NO_ACTION,,,
TISO-122,check-tenant-isolation.mjs,apps/api/src/lib/payroll-snapshot-engine.ts:1007 (payroll_replay_sessions),FALSE_POSITIVE,N/A,"See master-register.md section B (payroll_validation_rules UNKNOWN_FAILURE code-gap analysis) for the 3 D rows; all others classified by 6 parallel read-only audit agents against service-role/RLS-bypass context, full detail available on request",CLASSIFIED_NO_ACTION,,,
TISO-123,check-tenant-isolation.mjs,apps/api/src/lib/payroll-validator.ts:81 (payroll_slips),FALSE_POSITIVE,N/A,"See master-register.md section B (payroll_validation_rules UNKNOWN_FAILURE code-gap analysis) for the 3 D rows; all others classified by 6 parallel read-only audit agents against service-role/RLS-bypass context, full detail available on request",CLASSIFIED_NO_ACTION,,,
TISO-124,check-tenant-isolation.mjs,apps/api/src/lib/policy-governance.ts:474 (leave_policy_rules),FALSE_POSITIVE,N/A,"See master-register.md section B (payroll_validation_rules UNKNOWN_FAILURE code-gap analysis) for the 3 D rows; all others classified by 6 parallel read-only audit agents against service-role/RLS-bypass context, full detail available on request",CLASSIFIED_NO_ACTION,,,
TISO-125,check-tenant-isolation.mjs,apps/api/src/lib/rotation-engine.ts:131 (rotation_policy_rules),FALSE_POSITIVE,N/A,"See master-register.md section B (payroll_validation_rules UNKNOWN_FAILURE code-gap analysis) for the 3 D rows; all others classified by 6 parallel read-only audit agents against service-role/RLS-bypass context, full detail available on request",CLASSIFIED_NO_ACTION,,,
TISO-126,check-tenant-isolation.mjs,apps/api/src/lib/salary-config-store.ts:249 (salary_components),FALSE_POSITIVE,N/A,"See master-register.md section B (payroll_validation_rules UNKNOWN_FAILURE code-gap analysis) for the 3 D rows; all others classified by 6 parallel read-only audit agents against service-role/RLS-bypass context, full detail available on request",CLASSIFIED_NO_ACTION,,,
TISO-127,check-tenant-isolation.mjs,apps/api/src/lib/shift-resolution-engine.ts:151 (rotation_policy_rules),FALSE_POSITIVE,N/A,"See master-register.md section B (payroll_validation_rules UNKNOWN_FAILURE code-gap analysis) for the 3 D rows; all others classified by 6 parallel read-only audit agents against service-role/RLS-bypass context, full detail available on request",CLASSIFIED_NO_ACTION,,,
TISO-128,check-tenant-isolation.mjs,apps/api/src/lib/shift-resolution-engine.ts:267 (rotation_policy_rules),FALSE_POSITIVE,N/A,"See master-register.md section B (payroll_validation_rules UNKNOWN_FAILURE code-gap analysis) for the 3 D rows; all others classified by 6 parallel read-only audit agents against service-role/RLS-bypass context, full detail available on request",CLASSIFIED_NO_ACTION,,,
TISO-129,check-tenant-isolation.mjs,apps/api/src/lib/sla-scanner.ts:103 (notifications),FALSE_POSITIVE,N/A,"See master-register.md section B (payroll_validation_rules UNKNOWN_FAILURE code-gap analysis) for the 3 D rows; all others classified by 6 parallel read-only audit agents against service-role/RLS-bypass context, full detail available on request",CLASSIFIED_NO_ACTION,,,
TISO-130,check-tenant-isolation.mjs,apps/api/src/lib/statutory/tax-computation-engine.ts:233 (it_standard_config),JUSTIFIED_EXCEPTION,N/A,"See master-register.md section B (payroll_validation_rules UNKNOWN_FAILURE code-gap analysis) for the 3 D rows; all others classified by 6 parallel read-only audit agents against service-role/RLS-bypass context, full detail available on request",CLASSIFIED_NO_ACTION,,,
TISO-131,check-tenant-isolation.mjs,apps/api/src/lib/timeline-aggregator.ts:261 (profiles),FALSE_POSITIVE,N/A,"See master-register.md section B (payroll_validation_rules UNKNOWN_FAILURE code-gap analysis) for the 3 D rows; all others classified by 6 parallel read-only audit agents against service-role/RLS-bypass context, full detail available on request",CLASSIFIED_NO_ACTION,,,
TISO-132,check-tenant-isolation.mjs,apps/api/src/lib/verification-retry-scanner.ts:55 (verification_records),JUSTIFIED_EXCEPTION,N/A,"See master-register.md section B (payroll_validation_rules UNKNOWN_FAILURE code-gap analysis) for the 3 D rows; all others classified by 6 parallel read-only audit agents against service-role/RLS-bypass context, full detail available on request",CLASSIFIED_NO_ACTION,,,
TISO-133,check-tenant-isolation.mjs,apps/api/src/lib/webhook-retry-scheduler.ts:44 (webhook_deliveries),JUSTIFIED_EXCEPTION,N/A,"See master-register.md section B (payroll_validation_rules UNKNOWN_FAILURE code-gap analysis) for the 3 D rows; all others classified by 6 parallel read-only audit agents against service-role/RLS-bypass context, full detail available on request",CLASSIFIED_NO_ACTION,,,
TISO-134,check-tenant-isolation.mjs,apps/api/src/lib/webhook-service.ts:149 (webhook_deliveries),FALSE_POSITIVE,N/A,"See master-register.md section B (payroll_validation_rules UNKNOWN_FAILURE code-gap analysis) for the 3 D rows; all others classified by 6 parallel read-only audit agents against service-role/RLS-bypass context, full detail available on request",CLASSIFIED_NO_ACTION,,,
TISO-135,check-tenant-isolation.mjs,apps/api/src/lib/webhook-service.ts:167 (webhook_deliveries),FALSE_POSITIVE,N/A,"See master-register.md section B (payroll_validation_rules UNKNOWN_FAILURE code-gap analysis) for the 3 D rows; all others classified by 6 parallel read-only audit agents against service-role/RLS-bypass context, full detail available on request",CLASSIFIED_NO_ACTION,,,
TISO-136,check-tenant-isolation.mjs,apps/api/src/lib/webhook-service.ts:189 (webhook_deliveries),FALSE_POSITIVE,N/A,"See master-register.md section B (payroll_validation_rules UNKNOWN_FAILURE code-gap analysis) for the 3 D rows; all others classified by 6 parallel read-only audit agents against service-role/RLS-bypass context, full detail available on request",CLASSIFIED_NO_ACTION,,,
TISO-137,check-tenant-isolation.mjs,apps/api/src/lib/webhook-service.ts:315 (webhook_deliveries),FALSE_POSITIVE,N/A,"See master-register.md section B (payroll_validation_rules UNKNOWN_FAILURE code-gap analysis) for the 3 D rows; all others classified by 6 parallel read-only audit agents against service-role/RLS-bypass context, full detail available on request",CLASSIFIED_NO_ACTION,,,
TISO-138,check-tenant-isolation.mjs,apps/api/src/lib/webhook-service.ts:332 (webhook_deliveries),FALSE_POSITIVE,N/A,"See master-register.md section B (payroll_validation_rules UNKNOWN_FAILURE code-gap analysis) for the 3 D rows; all others classified by 6 parallel read-only audit agents against service-role/RLS-bypass context, full detail available on request",CLASSIFIED_NO_ACTION,,,
TISO-139,check-tenant-isolation.mjs,apps/api/src/lib/whatsapp-provider.ts:103 (whatsapp_outbox),FALSE_POSITIVE,N/A,"See master-register.md section B (payroll_validation_rules UNKNOWN_FAILURE code-gap analysis) for the 3 D rows; all others classified by 6 parallel read-only audit agents against service-role/RLS-bypass context, full detail available on request",CLASSIFIED_NO_ACTION,,,
TISO-140,check-tenant-isolation.mjs,apps/api/src/lib/whatsapp-provider.ts:110 (whatsapp_outbox),FALSE_POSITIVE,N/A,"See master-register.md section B (payroll_validation_rules UNKNOWN_FAILURE code-gap analysis) for the 3 D rows; all others classified by 6 parallel read-only audit agents against service-role/RLS-bypass context, full detail available on request",CLASSIFIED_NO_ACTION,,,
TISO-141,check-tenant-isolation.mjs,apps/api/src/lib/whatsapp-provider.ts:179 (whatsapp_outbox),FALSE_POSITIVE,N/A,"See master-register.md section B (payroll_validation_rules UNKNOWN_FAILURE code-gap analysis) for the 3 D rows; all others classified by 6 parallel read-only audit agents against service-role/RLS-bypass context, full detail available on request",CLASSIFIED_NO_ACTION,,,
TISO-142,check-tenant-isolation.mjs,apps/api/src/lib/whatsapp-provider.ts:186 (whatsapp_outbox),FALSE_POSITIVE,N/A,"See master-register.md section B (payroll_validation_rules UNKNOWN_FAILURE code-gap analysis) for the 3 D rows; all others classified by 6 parallel read-only audit agents against service-role/RLS-bypass context, full detail available on request",CLASSIFIED_NO_ACTION,,,
TISO-143,check-tenant-isolation.mjs,apps/api/src/lib/whatsapp-provider.ts:194 (whatsapp_outbox),FALSE_POSITIVE,N/A,"See master-register.md section B (payroll_validation_rules UNKNOWN_FAILURE code-gap analysis) for the 3 D rows; all others classified by 6 parallel read-only audit agents against service-role/RLS-bypass context, full detail available on request",CLASSIFIED_NO_ACTION,,,
TISO-144,check-tenant-isolation.mjs,apps/api/src/lib/wo-credit-reconciler.ts:109 (wo_credit_ladder),FALSE_POSITIVE,N/A,"See master-register.md section B (payroll_validation_rules UNKNOWN_FAILURE code-gap analysis) for the 3 D rows; all others classified by 6 parallel read-only audit agents against service-role/RLS-bypass context, full detail available on request",CLASSIFIED_NO_ACTION,,,
TISO-145,check-tenant-isolation.mjs,apps/api/src/lib/workforce-reconciliation-service.ts:107 (workforce_reconciliation_issues),FALSE_POSITIVE,N/A,"See master-register.md section B (payroll_validation_rules UNKNOWN_FAILURE code-gap analysis) for the 3 D rows; all others classified by 6 parallel read-only audit agents against service-role/RLS-bypass context, full detail available on request",CLASSIFIED_NO_ACTION,,,
TISO-146,check-tenant-isolation.mjs,apps/api/src/lib/workforce-reconciliation-service.ts:535 (workforce_reconciliation_runs),FALSE_POSITIVE,N/A,"See master-register.md section B (payroll_validation_rules UNKNOWN_FAILURE code-gap analysis) for the 3 D rows; all others classified by 6 parallel read-only audit agents against service-role/RLS-bypass context, full detail available on request",CLASSIFIED_NO_ACTION,,,
TISO-147,check-tenant-isolation.mjs,apps/api/src/routes/attendance/api-sources.ts:258 (attendance_raw_logs),FALSE_POSITIVE,N/A,"See master-register.md section B (payroll_validation_rules UNKNOWN_FAILURE code-gap analysis) for the 3 D rows; all others classified by 6 parallel read-only audit agents against service-role/RLS-bypass context, full detail available on request",CLASSIFIED_NO_ACTION,,,
TISO-148,check-tenant-isolation.mjs,apps/api/src/routes/attendance/api-sources.ts:489 (attendance_api_sources),FALSE_POSITIVE,N/A,"See master-register.md section B (payroll_validation_rules UNKNOWN_FAILURE code-gap analysis) for the 3 D rows; all others classified by 6 parallel read-only audit agents against service-role/RLS-bypass context, full detail available on request",CLASSIFIED_NO_ACTION,,,
TISO-149,check-tenant-isolation.mjs,apps/api/src/routes/attendance/api-sources.ts:533 (attendance_api_sources),FALSE_POSITIVE,N/A,"See master-register.md section B (payroll_validation_rules UNKNOWN_FAILURE code-gap analysis) for the 3 D rows; all others classified by 6 parallel read-only audit agents against service-role/RLS-bypass context, full detail available on request",CLASSIFIED_NO_ACTION,,,
TISO-150,check-tenant-isolation.mjs,apps/api/src/routes/attendance/api-sources.ts:541 (attendance_api_sources),FALSE_POSITIVE,N/A,"See master-register.md section B (payroll_validation_rules UNKNOWN_FAILURE code-gap analysis) for the 3 D rows; all others classified by 6 parallel read-only audit agents against service-role/RLS-bypass context, full detail available on request",CLASSIFIED_NO_ACTION,,,
TISO-151,check-tenant-isolation.mjs,apps/api/src/routes/attendance/api-sources.ts:564 (attendance_api_sources),FALSE_POSITIVE,N/A,"See master-register.md section B (payroll_validation_rules UNKNOWN_FAILURE code-gap analysis) for the 3 D rows; all others classified by 6 parallel read-only audit agents against service-role/RLS-bypass context, full detail available on request",CLASSIFIED_NO_ACTION,,,
TISO-152,check-tenant-isolation.mjs,apps/api/src/routes/attendance/leave.ts:575 (attendance_daily),FALSE_POSITIVE,N/A,"See master-register.md section B (payroll_validation_rules UNKNOWN_FAILURE code-gap analysis) for the 3 D rows; all others classified by 6 parallel read-only audit agents against service-role/RLS-bypass context, full detail available on request",CLASSIFIED_NO_ACTION,,,
TISO-153,check-tenant-isolation.mjs,apps/api/src/routes/attendance/leave.ts:1550 (leave_requests),FALSE_POSITIVE,N/A,"See master-register.md section B (payroll_validation_rules UNKNOWN_FAILURE code-gap analysis) for the 3 D rows; all others classified by 6 parallel read-only audit agents against service-role/RLS-bypass context, full detail available on request",CLASSIFIED_NO_ACTION,,,
TISO-154,check-tenant-isolation.mjs,apps/api/src/routes/attendance/leave.ts:1615 (attendance_daily),FALSE_POSITIVE,N/A,"See master-register.md section B (payroll_validation_rules UNKNOWN_FAILURE code-gap analysis) for the 3 D rows; all others classified by 6 parallel read-only audit agents against service-role/RLS-bypass context, full detail available on request",CLASSIFIED_NO_ACTION,,,
TISO-155,check-tenant-isolation.mjs,apps/api/src/routes/attendance/muster-upload.ts:300 (attendance_daily),FALSE_POSITIVE,N/A,"See master-register.md section B (payroll_validation_rules UNKNOWN_FAILURE code-gap analysis) for the 3 D rows; all others classified by 6 parallel read-only audit agents against service-role/RLS-bypass context, full detail available on request",CLASSIFIED_NO_ACTION,,,
TISO-156,check-tenant-isolation.mjs,apps/api/src/routes/attendance/muster-upload.ts:331 (muster_uploads),FALSE_POSITIVE,N/A,"See master-register.md section B (payroll_validation_rules UNKNOWN_FAILURE code-gap analysis) for the 3 D rows; all others classified by 6 parallel read-only audit agents against service-role/RLS-bypass context, full detail available on request",CLASSIFIED_NO_ACTION,,,
TISO-157,check-tenant-isolation.mjs,apps/api/src/routes/attendance/muster-upload.ts:369 (profiles),FALSE_POSITIVE,N/A,"See master-register.md section B (payroll_validation_rules UNKNOWN_FAILURE code-gap analysis) for the 3 D rows; all others classified by 6 parallel read-only audit agents against service-role/RLS-bypass context, full detail available on request",CLASSIFIED_NO_ACTION,,,
TISO-158,check-tenant-isolation.mjs,apps/api/src/routes/attendance/recompute.ts:270 (attendance_recompute_runs),FALSE_POSITIVE,N/A,"See master-register.md section B (payroll_validation_rules UNKNOWN_FAILURE code-gap analysis) for the 3 D rows; all others classified by 6 parallel read-only audit agents against service-role/RLS-bypass context, full detail available on request",CLASSIFIED_NO_ACTION,,,
TISO-159,check-tenant-isolation.mjs,apps/api/src/routes/attendance/retroactive.ts:259 (attendance_retroactive_impacts),FALSE_POSITIVE,N/A,"See master-register.md section B (payroll_validation_rules UNKNOWN_FAILURE code-gap analysis) for the 3 D rows; all others classified by 6 parallel read-only audit agents against service-role/RLS-bypass context, full detail available on request",CLASSIFIED_NO_ACTION,,,
TISO-160,check-tenant-isolation.mjs,apps/api/src/routes/attendance/risk.ts:464 (attendance_risk_profiles),FALSE_POSITIVE,N/A,"See master-register.md section B (payroll_validation_rules UNKNOWN_FAILURE code-gap analysis) for the 3 D rows; all others classified by 6 parallel read-only audit agents against service-role/RLS-bypass context, full detail available on request",CLASSIFIED_NO_ACTION,,,
TISO-161,check-tenant-isolation.mjs,apps/api/src/routes/attendance/roster-api.ts:368 (shift_roster),FALSE_POSITIVE,N/A,"See master-register.md section B (payroll_validation_rules UNKNOWN_FAILURE code-gap analysis) for the 3 D rows; all others classified by 6 parallel read-only audit agents against service-role/RLS-bypass context, full detail available on request",CLASSIFIED_NO_ACTION,,,
TISO-162,check-tenant-isolation.mjs,apps/api/src/routes/attendance/roster-api.ts:428 (shift_roster),FALSE_POSITIVE,N/A,"See master-register.md section B (payroll_validation_rules UNKNOWN_FAILURE code-gap analysis) for the 3 D rows; all others classified by 6 parallel read-only audit agents against service-role/RLS-bypass context, full detail available on request",CLASSIFIED_NO_ACTION,,,
TISO-163,check-tenant-isolation.mjs,apps/api/src/routes/attendance/roster-api.ts:557 (shift_roster),FALSE_POSITIVE,N/A,"See master-register.md section B (payroll_validation_rules UNKNOWN_FAILURE code-gap analysis) for the 3 D rows; all others classified by 6 parallel read-only audit agents against service-role/RLS-bypass context, full detail available on request",CLASSIFIED_NO_ACTION,,,
TISO-164,check-tenant-isolation.mjs,apps/api/src/routes/attendance/upload.ts:97 (attendance_upload_jobs),FALSE_POSITIVE,N/A,"See master-register.md section B (payroll_validation_rules UNKNOWN_FAILURE code-gap analysis) for the 3 D rows; all others classified by 6 parallel read-only audit agents against service-role/RLS-bypass context, full detail available on request",CLASSIFIED_NO_ACTION,,,
TISO-165,check-tenant-isolation.mjs,apps/api/src/routes/attendance/upload.ts:324 (attendance_punch_logs),FALSE_POSITIVE,N/A,"See master-register.md section B (payroll_validation_rules UNKNOWN_FAILURE code-gap analysis) for the 3 D rows; all others classified by 6 parallel read-only audit agents against service-role/RLS-bypass context, full detail available on request",CLASSIFIED_NO_ACTION,,,
TISO-166,check-tenant-isolation.mjs,apps/api/src/routes/attendance/upload.ts:419 (attendance_upload_jobs),FALSE_POSITIVE,N/A,"See master-register.md section B (payroll_validation_rules UNKNOWN_FAILURE code-gap analysis) for the 3 D rows; all others classified by 6 parallel read-only audit agents against service-role/RLS-bypass context, full detail available on request",CLASSIFIED_NO_ACTION,,,
TISO-167,check-tenant-isolation.mjs,apps/api/src/routes/attendance/wo-credit.ts:43 (wo_credit_ladder),FALSE_POSITIVE,N/A,"See master-register.md section B (payroll_validation_rules UNKNOWN_FAILURE code-gap analysis) for the 3 D rows; all others classified by 6 parallel read-only audit agents against service-role/RLS-bypass context, full detail available on request",CLASSIFIED_NO_ACTION,,,
TISO-168,check-tenant-isolation.mjs,apps/api/src/routes/attendance/work-sessions.ts:429 (work_sessions),FALSE_POSITIVE,N/A,"See master-register.md section B (payroll_validation_rules UNKNOWN_FAILURE code-gap analysis) for the 3 D rows; all others classified by 6 parallel read-only audit agents against service-role/RLS-bypass context, full detail available on request",CLASSIFIED_NO_ACTION,,,
TISO-169,check-tenant-isolation.mjs,apps/api/src/routes/attendance/workforce-optimization.ts:1075 (workforce_shift_balance),FALSE_POSITIVE,N/A,"See master-register.md section B (payroll_validation_rules UNKNOWN_FAILURE code-gap analysis) for the 3 D rows; all others classified by 6 parallel read-only audit agents against service-role/RLS-bypass context, full detail available on request",CLASSIFIED_NO_ACTION,,,
TISO-170,check-tenant-isolation.mjs,apps/api/src/routes/attendance/workforce-optimization.ts:1103 (workforce_optimization_hints),FALSE_POSITIVE,N/A,"See master-register.md section B (payroll_validation_rules UNKNOWN_FAILURE code-gap analysis) for the 3 D rows; all others classified by 6 parallel read-only audit agents against service-role/RLS-bypass context, full detail available on request",CLASSIFIED_NO_ACTION,,,
TISO-171,check-tenant-isolation.mjs,apps/api/src/routes/compensation/revisions.ts:420 (employee_compensation_components),FALSE_POSITIVE,N/A,"See master-register.md section B (payroll_validation_rules UNKNOWN_FAILURE code-gap analysis) for the 3 D rows; all others classified by 6 parallel read-only audit agents against service-role/RLS-bypass context, full detail available on request",CLASSIFIED_NO_ACTION,,,
TISO-172,check-tenant-isolation.mjs,apps/api/src/routes/compensation/revisions.ts:911 (compensation_revisions),FALSE_POSITIVE,N/A,"See master-register.md section B (payroll_validation_rules UNKNOWN_FAILURE code-gap analysis) for the 3 D rows; all others classified by 6 parallel read-only audit agents against service-role/RLS-bypass context, full detail available on request",CLASSIFIED_NO_ACTION,,,
TISO-173,check-tenant-isolation.mjs,apps/api/src/routes/employees/compensation.ts:655 (employee_compensation_components),FALSE_POSITIVE,N/A,"See master-register.md section B (payroll_validation_rules UNKNOWN_FAILURE code-gap analysis) for the 3 D rows; all others classified by 6 parallel read-only audit agents against service-role/RLS-bypass context, full detail available on request",CLASSIFIED_NO_ACTION,,,
TISO-174,check-tenant-isolation.mjs,apps/api/src/routes/employees/compensation.ts:660 (employee_compensations),FALSE_POSITIVE,N/A,"See master-register.md section B (payroll_validation_rules UNKNOWN_FAILURE code-gap analysis) for the 3 D rows; all others classified by 6 parallel read-only audit agents against service-role/RLS-bypass context, full detail available on request",CLASSIFIED_NO_ACTION,,,
TISO-175,check-tenant-isolation.mjs,apps/api/src/routes/employees/compensation.ts:669 (employee_compensations),FALSE_POSITIVE,N/A,"See master-register.md section B (payroll_validation_rules UNKNOWN_FAILURE code-gap analysis) for the 3 D rows; all others classified by 6 parallel read-only audit agents against service-role/RLS-bypass context, full detail available on request",CLASSIFIED_NO_ACTION,,,
TISO-176,check-tenant-isolation.mjs,apps/api/src/routes/employees/separation-workflow.ts:226 (separation_clearances),FALSE_POSITIVE,N/A,"See master-register.md section B (payroll_validation_rules UNKNOWN_FAILURE code-gap analysis) for the 3 D rows; all others classified by 6 parallel read-only audit agents against service-role/RLS-bypass context, full detail available on request",CLASSIFIED_NO_ACTION,,,
TISO-177,check-tenant-isolation.mjs,apps/api/src/routes/employees/user-account.ts:329 (profiles),FALSE_POSITIVE,N/A,"See master-register.md section B (payroll_validation_rules UNKNOWN_FAILURE code-gap analysis) for the 3 D rows; all others classified by 6 parallel read-only audit agents against service-role/RLS-bypass context, full detail available on request",CLASSIFIED_NO_ACTION,,,
TISO-178,check-tenant-isolation.mjs,apps/api/src/routes/employees/user-account.ts:350 (profiles),FALSE_POSITIVE,N/A,"See master-register.md section B (payroll_validation_rules UNKNOWN_FAILURE code-gap analysis) for the 3 D rows; all others classified by 6 parallel read-only audit agents against service-role/RLS-bypass context, full detail available on request",CLASSIFIED_NO_ACTION,,,
TISO-179,check-tenant-isolation.mjs,apps/api/src/routes/governance/privacy.ts:48 (compliance_controls),JUSTIFIED_EXCEPTION,N/A,"See master-register.md section B (payroll_validation_rules UNKNOWN_FAILURE code-gap analysis) for the 3 D rows; all others classified by 6 parallel read-only audit agents against service-role/RLS-bypass context, full detail available on request",CLASSIFIED_NO_ACTION,,,
TISO-180,check-tenant-isolation.mjs,apps/api/src/routes/governance/privacy.ts:64 (compliance_evidence_snapshots),JUSTIFIED_EXCEPTION,N/A,"See master-register.md section B (payroll_validation_rules UNKNOWN_FAILURE code-gap analysis) for the 3 D rows; all others classified by 6 parallel read-only audit agents against service-role/RLS-bypass context, full detail available on request",CLASSIFIED_NO_ACTION,,,
TISO-181,check-tenant-isolation.mjs,apps/api/src/routes/governance/privacy.ts:355 (compliance_controls),JUSTIFIED_EXCEPTION,N/A,"See master-register.md section B (payroll_validation_rules UNKNOWN_FAILURE code-gap analysis) for the 3 D rows; all others classified by 6 parallel read-only audit agents against service-role/RLS-bypass context, full detail available on request",CLASSIFIED_NO_ACTION,,,
TISO-182,check-tenant-isolation.mjs,apps/api/src/routes/helpdesk/index.ts:527 (helpdesk_sla_policies),FALSE_POSITIVE,N/A,"See master-register.md section B (payroll_validation_rules UNKNOWN_FAILURE code-gap analysis) for the 3 D rows; all others classified by 6 parallel read-only audit agents against service-role/RLS-bypass context, full detail available on request",CLASSIFIED_NO_ACTION,,,
TISO-183,check-tenant-isolation.mjs,apps/api/src/routes/import/index.ts:264 (import_jobs),FALSE_POSITIVE,N/A,"See master-register.md section B (payroll_validation_rules UNKNOWN_FAILURE code-gap analysis) for the 3 D rows; all others classified by 6 parallel read-only audit agents against service-role/RLS-bypass context, full detail available on request",CLASSIFIED_NO_ACTION,,,
TISO-184,check-tenant-isolation.mjs,apps/api/src/routes/import/index.ts:416 (import_job_rows),FALSE_POSITIVE,N/A,"See master-register.md section B (payroll_validation_rules UNKNOWN_FAILURE code-gap analysis) for the 3 D rows; all others classified by 6 parallel read-only audit agents against service-role/RLS-bypass context, full detail available on request",CLASSIFIED_NO_ACTION,,,
TISO-185,check-tenant-isolation.mjs,apps/api/src/routes/import/index.ts:468 (import_job_rows),FALSE_POSITIVE,N/A,"See master-register.md section B (payroll_validation_rules UNKNOWN_FAILURE code-gap analysis) for the 3 D rows; all others classified by 6 parallel read-only audit agents against service-role/RLS-bypass context, full detail available on request",CLASSIFIED_NO_ACTION,,,
TISO-186,check-tenant-isolation.mjs,apps/api/src/routes/import/index.ts:524 (import_job_errors),FALSE_POSITIVE,N/A,"See master-register.md section B (payroll_validation_rules UNKNOWN_FAILURE code-gap analysis) for the 3 D rows; all others classified by 6 parallel read-only audit agents against service-role/RLS-bypass context, full detail available on request",CLASSIFIED_NO_ACTION,,,
TISO-187,check-tenant-isolation.mjs,apps/api/src/routes/import/index.ts:572 (import_job_metrics),FALSE_POSITIVE,N/A,"See master-register.md section B (payroll_validation_rules UNKNOWN_FAILURE code-gap analysis) for the 3 D rows; all others classified by 6 parallel read-only audit agents against service-role/RLS-bypass context, full detail available on request",CLASSIFIED_NO_ACTION,,,
TISO-188,check-tenant-isolation.mjs,apps/api/src/routes/intelligence/__tests__/search-missing-pan.test.ts:6 (employee_bank_statutory),FALSE_POSITIVE,N/A,"See master-register.md section B (payroll_validation_rules UNKNOWN_FAILURE code-gap analysis) for the 3 D rows; all others classified by 6 parallel read-only audit agents against service-role/RLS-bypass context, full detail available on request",CLASSIFIED_NO_ACTION,,,
TISO-189,check-tenant-isolation.mjs,apps/api/src/routes/intelligence/index.ts:1639 (pre_joinee_submissions),FALSE_POSITIVE,N/A,"See master-register.md section B (payroll_validation_rules UNKNOWN_FAILURE code-gap analysis) for the 3 D rows; all others classified by 6 parallel read-only audit agents against service-role/RLS-bypass context, full detail available on request",CLASSIFIED_NO_ACTION,,,
TISO-190,check-tenant-isolation.mjs,apps/api/src/routes/letters/index.ts:405 (letter_templates),FALSE_POSITIVE,N/A,"See master-register.md section B (payroll_validation_rules UNKNOWN_FAILURE code-gap analysis) for the 3 D rows; all others classified by 6 parallel read-only audit agents against service-role/RLS-bypass context, full detail available on request",CLASSIFIED_NO_ACTION,,,
TISO-191,check-tenant-isolation.mjs,apps/api/src/routes/letters/index.ts:645 (letter_approval_log),FALSE_POSITIVE,N/A,"See master-register.md section B (payroll_validation_rules UNKNOWN_FAILURE code-gap analysis) for the 3 D rows; all others classified by 6 parallel read-only audit agents against service-role/RLS-bypass context, full detail available on request",CLASSIFIED_NO_ACTION,,,
TISO-192,check-tenant-isolation.mjs,apps/api/src/routes/letters/index.ts:730 (letter_approval_chains),FALSE_POSITIVE,N/A,"See master-register.md section B (payroll_validation_rules UNKNOWN_FAILURE code-gap analysis) for the 3 D rows; all others classified by 6 parallel read-only audit agents against service-role/RLS-bypass context, full detail available on request",CLASSIFIED_NO_ACTION,,,
TISO-193,check-tenant-isolation.mjs,apps/api/src/routes/letters/index.ts:808 (letter_approval_chains),FALSE_POSITIVE,N/A,"See master-register.md section B (payroll_validation_rules UNKNOWN_FAILURE code-gap analysis) for the 3 D rows; all others classified by 6 parallel read-only audit agents against service-role/RLS-bypass context, full detail available on request",CLASSIFIED_NO_ACTION,,,
TISO-194,check-tenant-isolation.mjs,apps/api/src/routes/masters/holidays.ts:165 (holiday_calendar),FALSE_POSITIVE,N/A,"See master-register.md section B (payroll_validation_rules UNKNOWN_FAILURE code-gap analysis) for the 3 D rows; all others classified by 6 parallel read-only audit agents against service-role/RLS-bypass context, full detail available on request",CLASSIFIED_NO_ACTION,,,
TISO-195,check-tenant-isolation.mjs,apps/api/src/routes/masters/leave-types.ts:83 (leave_types),FALSE_POSITIVE,N/A,"See master-register.md section B (payroll_validation_rules UNKNOWN_FAILURE code-gap analysis) for the 3 D rows; all others classified by 6 parallel read-only audit agents against service-role/RLS-bypass context, full detail available on request",CLASSIFIED_NO_ACTION,,,
TISO-196,check-tenant-isolation.mjs,apps/api/src/routes/masters/rosters.ts:240 (rosters),FALSE_POSITIVE,N/A,"See master-register.md section B (payroll_validation_rules UNKNOWN_FAILURE code-gap analysis) for the 3 D rows; all others classified by 6 parallel read-only audit agents against service-role/RLS-bypass context, full detail available on request",CLASSIFIED_NO_ACTION,,,
TISO-197,check-tenant-isolation.mjs,apps/api/src/routes/masters/rotation-policies.ts:207 (rotation_policy_rules),FALSE_POSITIVE,N/A,"See master-register.md section B (payroll_validation_rules UNKNOWN_FAILURE code-gap analysis) for the 3 D rows; all others classified by 6 parallel read-only audit agents against service-role/RLS-bypass context, full detail available on request",CLASSIFIED_NO_ACTION,,,
TISO-198,check-tenant-isolation.mjs,apps/api/src/routes/masters/rotation-policies.ts:333 (rotation_policy_rules),FALSE_POSITIVE,N/A,"See master-register.md section B (payroll_validation_rules UNKNOWN_FAILURE code-gap analysis) for the 3 D rows; all others classified by 6 parallel read-only audit agents against service-role/RLS-bypass context, full detail available on request",CLASSIFIED_NO_ACTION,,,
TISO-199,check-tenant-isolation.mjs,apps/api/src/routes/masters/rotation-policies.ts:476 (rotation_policy_rules),FALSE_POSITIVE,N/A,"See master-register.md section B (payroll_validation_rules UNKNOWN_FAILURE code-gap analysis) for the 3 D rows; all others classified by 6 parallel read-only audit agents against service-role/RLS-bypass context, full detail available on request",CLASSIFIED_NO_ACTION,,,
TISO-200,check-tenant-isolation.mjs,apps/api/src/routes/masters/sites.ts:314 (sites),FALSE_POSITIVE,N/A,"See master-register.md section B (payroll_validation_rules UNKNOWN_FAILURE code-gap analysis) for the 3 D rows; all others classified by 6 parallel read-only audit agents against service-role/RLS-bypass context, full detail available on request",CLASSIFIED_NO_ACTION,,,
TISO-201,check-tenant-isolation.mjs,apps/api/src/routes/mood/index.ts:38 (profiles),FALSE_POSITIVE,N/A,"See master-register.md section B (payroll_validation_rules UNKNOWN_FAILURE code-gap analysis) for the 3 D rows; all others classified by 6 parallel read-only audit agents against service-role/RLS-bypass context, full detail available on request",CLASSIFIED_NO_ACTION,,,
TISO-202,check-tenant-isolation.mjs,apps/api/src/routes/mood/index.ts:369 (work_locations),FALSE_POSITIVE,N/A,"See master-register.md section B (payroll_validation_rules UNKNOWN_FAILURE code-gap analysis) for the 3 D rows; all others classified by 6 parallel read-only audit agents against service-role/RLS-bypass context, full detail available on request",CLASSIFIED_NO_ACTION,,,
TISO-203,check-tenant-isolation.mjs,apps/api/src/routes/onboarding/checklist.ts:435 (employee_onboarding_tasks),FALSE_POSITIVE,N/A,"See master-register.md section B (payroll_validation_rules UNKNOWN_FAILURE code-gap analysis) for the 3 D rows; all others classified by 6 parallel read-only audit agents against service-role/RLS-bypass context, full detail available on request",CLASSIFIED_NO_ACTION,,,
TISO-204,check-tenant-isolation.mjs,apps/api/src/routes/onboarding/checklist.ts:945 (employee_onboarding_tasks),FALSE_POSITIVE,N/A,"See master-register.md section B (payroll_validation_rules UNKNOWN_FAILURE code-gap analysis) for the 3 D rows; all others classified by 6 parallel read-only audit agents against service-role/RLS-bypass context, full detail available on request",CLASSIFIED_NO_ACTION,,,
TISO-205,check-tenant-isolation.mjs,apps/api/src/routes/onboarding/drafts.ts:385 (draft_employee_profiles),FALSE_POSITIVE,N/A,"See master-register.md section B (payroll_validation_rules UNKNOWN_FAILURE code-gap analysis) for the 3 D rows; all others classified by 6 parallel read-only audit agents against service-role/RLS-bypass context, full detail available on request",CLASSIFIED_NO_ACTION,,,
TISO-206,check-tenant-isolation.mjs,apps/api/src/routes/onboarding/drafts.ts:618 (profiles),FALSE_POSITIVE,N/A,"See master-register.md section B (payroll_validation_rules UNKNOWN_FAILURE code-gap analysis) for the 3 D rows; all others classified by 6 parallel read-only audit agents against service-role/RLS-bypass context, full detail available on request",CLASSIFIED_NO_ACTION,,,
TISO-207,check-tenant-isolation.mjs,apps/api/src/routes/onboarding/drafts.ts:772 (draft_employee_profiles),FALSE_POSITIVE,N/A,"See master-register.md section B (payroll_validation_rules UNKNOWN_FAILURE code-gap analysis) for the 3 D rows; all others classified by 6 parallel read-only audit agents against service-role/RLS-bypass context, full detail available on request",CLASSIFIED_NO_ACTION,,,
TISO-208,check-tenant-isolation.mjs,apps/api/src/routes/onboarding/pre-joinee.ts:494 (pre_joinee_invitations),JUSTIFIED_EXCEPTION,N/A,"See master-register.md section B (payroll_validation_rules UNKNOWN_FAILURE code-gap analysis) for the 3 D rows; all others classified by 6 parallel read-only audit agents against service-role/RLS-bypass context, full detail available on request",CLASSIFIED_NO_ACTION,,,
TISO-209,check-tenant-isolation.mjs,apps/api/src/routes/onboarding/pre-joinee.ts:674 (pre_joinee_invitations),FALSE_POSITIVE,N/A,"See master-register.md section B (payroll_validation_rules UNKNOWN_FAILURE code-gap analysis) for the 3 D rows; all others classified by 6 parallel read-only audit agents against service-role/RLS-bypass context, full detail available on request",CLASSIFIED_NO_ACTION,,,
TISO-210,check-tenant-isolation.mjs,apps/api/src/routes/onboarding/pre-joinee.ts:1015 (employees),FALSE_POSITIVE,N/A,"See master-register.md section B (payroll_validation_rules UNKNOWN_FAILURE code-gap analysis) for the 3 D rows; all others classified by 6 parallel read-only audit agents against service-role/RLS-bypass context, full detail available on request",CLASSIFIED_NO_ACTION,,,
TISO-211,check-tenant-isolation.mjs,apps/api/src/routes/onboarding/pre-joinee.ts:1502 (pre_joinee_invitations),JUSTIFIED_EXCEPTION,N/A,"See master-register.md section B (payroll_validation_rules UNKNOWN_FAILURE code-gap analysis) for the 3 D rows; all others classified by 6 parallel read-only audit agents against service-role/RLS-bypass context, full detail available on request",CLASSIFIED_NO_ACTION,,,
TISO-212,check-tenant-isolation.mjs,apps/api/src/routes/onboarding/pre-joinee.ts:1587 (pre_joinee_invitations),JUSTIFIED_EXCEPTION,N/A,"See master-register.md section B (payroll_validation_rules UNKNOWN_FAILURE code-gap analysis) for the 3 D rows; all others classified by 6 parallel read-only audit agents against service-role/RLS-bypass context, full detail available on request",CLASSIFIED_NO_ACTION,,,
TISO-213,check-tenant-isolation.mjs,apps/api/src/routes/onboarding/pre-joinee.ts:1738 (pre_joinee_invitations),JUSTIFIED_EXCEPTION,N/A,"See master-register.md section B (payroll_validation_rules UNKNOWN_FAILURE code-gap analysis) for the 3 D rows; all others classified by 6 parallel read-only audit agents against service-role/RLS-bypass context, full detail available on request",CLASSIFIED_NO_ACTION,,,
TISO-214,check-tenant-isolation.mjs,apps/api/src/routes/onboarding/seed-templates.ts:128 (onboarding_checklist_items),FALSE_POSITIVE,N/A,"See master-register.md section B (payroll_validation_rules UNKNOWN_FAILURE code-gap analysis) for the 3 D rows; all others classified by 6 parallel read-only audit agents against service-role/RLS-bypass context, full detail available on request",CLASSIFIED_NO_ACTION,,,
TISO-215,check-tenant-isolation.mjs,apps/api/src/routes/onboarding/sessions.ts:421 (onboarding_documents),FALSE_POSITIVE,N/A,"See master-register.md section B (payroll_validation_rules UNKNOWN_FAILURE code-gap analysis) for the 3 D rows; all others classified by 6 parallel read-only audit agents against service-role/RLS-bypass context, full detail available on request",CLASSIFIED_NO_ACTION,,,
TISO-216,check-tenant-isolation.mjs,apps/api/src/routes/onboarding/sessions.ts:437 (onboarding_documents),FALSE_POSITIVE,N/A,"See master-register.md section B (payroll_validation_rules UNKNOWN_FAILURE code-gap analysis) for the 3 D rows; all others classified by 6 parallel read-only audit agents against service-role/RLS-bypass context, full detail available on request",CLASSIFIED_NO_ACTION,,,
TISO-217,check-tenant-isolation.mjs,apps/api/src/routes/onboarding/sessions.ts:481 (onboarding_documents),FALSE_POSITIVE,N/A,"See master-register.md section B (payroll_validation_rules UNKNOWN_FAILURE code-gap analysis) for the 3 D rows; all others classified by 6 parallel read-only audit agents against service-role/RLS-bypass context, full detail available on request",CLASSIFIED_NO_ACTION,,,
TISO-218,check-tenant-isolation.mjs,apps/api/src/routes/onboarding/sessions.ts:492 (onboarding_documents),FALSE_POSITIVE,N/A,"See master-register.md section B (payroll_validation_rules UNKNOWN_FAILURE code-gap analysis) for the 3 D rows; all others classified by 6 parallel read-only audit agents against service-role/RLS-bypass context, full detail available on request",CLASSIFIED_NO_ACTION,,,
TISO-219,check-tenant-isolation.mjs,apps/api/src/routes/onboarding/sessions.ts:572 (onboarding_documents),FALSE_POSITIVE,N/A,"See master-register.md section B (payroll_validation_rules UNKNOWN_FAILURE code-gap analysis) for the 3 D rows; all others classified by 6 parallel read-only audit agents against service-role/RLS-bypass context, full detail available on request",CLASSIFIED_NO_ACTION,,,
TISO-220,check-tenant-isolation.mjs,apps/api/src/routes/onboarding/sessions.ts:598 (onboarding_documents),FALSE_POSITIVE,N/A,"See master-register.md section B (payroll_validation_rules UNKNOWN_FAILURE code-gap analysis) for the 3 D rows; all others classified by 6 parallel read-only audit agents against service-role/RLS-bypass context, full detail available on request",CLASSIFIED_NO_ACTION,,,
TISO-221,check-tenant-isolation.mjs,apps/api/src/routes/onboarding/sessions.ts:618 (onboarding_documents),FALSE_POSITIVE,N/A,"See master-register.md section B (payroll_validation_rules UNKNOWN_FAILURE code-gap analysis) for the 3 D rows; all others classified by 6 parallel read-only audit agents against service-role/RLS-bypass context, full detail available on request",CLASSIFIED_NO_ACTION,,,
TISO-222,check-tenant-isolation.mjs,apps/api/src/routes/onboarding/sessions.ts:822 (draft_employee_profiles),FALSE_POSITIVE,N/A,"See master-register.md section B (payroll_validation_rules UNKNOWN_FAILURE code-gap analysis) for the 3 D rows; all others classified by 6 parallel read-only audit agents against service-role/RLS-bypass context, full detail available on request",CLASSIFIED_NO_ACTION,,,
TISO-223,check-tenant-isolation.mjs,apps/api/src/routes/onboarding/sessions.ts:835 (draft_employee_profiles),FALSE_POSITIVE,N/A,"See master-register.md section B (payroll_validation_rules UNKNOWN_FAILURE code-gap analysis) for the 3 D rows; all others classified by 6 parallel read-only audit agents against service-role/RLS-bypass context, full detail available on request",CLASSIFIED_NO_ACTION,,,
TISO-224,check-tenant-isolation.mjs,apps/api/src/routes/payroll/advances.ts:411 (advance_recovery_schedules),FALSE_POSITIVE,N/A,"See master-register.md section B (payroll_validation_rules UNKNOWN_FAILURE code-gap analysis) for the 3 D rows; all others classified by 6 parallel read-only audit agents against service-role/RLS-bypass context, full detail available on request",CLASSIFIED_NO_ACTION,,,
TISO-225,check-tenant-isolation.mjs,apps/api/src/routes/payroll/bulk-ops.ts:117 (tds_declaration_audit_log),FALSE_POSITIVE,N/A,"See master-register.md section B (payroll_validation_rules UNKNOWN_FAILURE code-gap analysis) for the 3 D rows; all others classified by 6 parallel read-only audit agents against service-role/RLS-bypass context, full detail available on request",CLASSIFIED_NO_ACTION,,,
TISO-226,check-tenant-isolation.mjs,apps/api/src/routes/payroll/bulk-ops.ts:183 (tds_declaration_audit_log),FALSE_POSITIVE,N/A,"See master-register.md section B (payroll_validation_rules UNKNOWN_FAILURE code-gap analysis) for the 3 D rows; all others classified by 6 parallel read-only audit agents against service-role/RLS-bypass context, full detail available on request",CLASSIFIED_NO_ACTION,,,
TISO-227,check-tenant-isolation.mjs,apps/api/src/routes/payroll/bulk-ops.ts:609 (statutory_audit_log),FALSE_POSITIVE,N/A,"See master-register.md section B (payroll_validation_rules UNKNOWN_FAILURE code-gap analysis) for the 3 D rows; all others classified by 6 parallel read-only audit agents against service-role/RLS-bypass context, full detail available on request",CLASSIFIED_NO_ACTION,,,
TISO-228,check-tenant-isolation.mjs,apps/api/src/routes/payroll/compensation-master.ts:378 (employee_compensation_components),FALSE_POSITIVE,N/A,"See master-register.md section B (payroll_validation_rules UNKNOWN_FAILURE code-gap analysis) for the 3 D rows; all others classified by 6 parallel read-only audit agents against service-role/RLS-bypass context, full detail available on request",CLASSIFIED_NO_ACTION,,,
TISO-229,check-tenant-isolation.mjs,apps/api/src/routes/payroll/compensation-master.ts:387 (employee_compensations),FALSE_POSITIVE,N/A,"See master-register.md section B (payroll_validation_rules UNKNOWN_FAILURE code-gap analysis) for the 3 D rows; all others classified by 6 parallel read-only audit agents against service-role/RLS-bypass context, full detail available on request",CLASSIFIED_NO_ACTION,,,
TISO-230,check-tenant-isolation.mjs,apps/api/src/routes/payroll/compensation-revisions.ts:232 (employee_compensation_components),FALSE_POSITIVE,N/A,"See master-register.md section B (payroll_validation_rules UNKNOWN_FAILURE code-gap analysis) for the 3 D rows; all others classified by 6 parallel read-only audit agents against service-role/RLS-bypass context, full detail available on request",CLASSIFIED_NO_ACTION,,,
TISO-231,check-tenant-isolation.mjs,apps/api/src/routes/payroll/compensation-revisions.ts:293 (compensation_snapshots),FALSE_POSITIVE,N/A,"See master-register.md section B (payroll_validation_rules UNKNOWN_FAILURE code-gap analysis) for the 3 D rows; all others classified by 6 parallel read-only audit agents against service-role/RLS-bypass context, full detail available on request",CLASSIFIED_NO_ACTION,,,
TISO-232,check-tenant-isolation.mjs,apps/api/src/routes/payroll/compensation-revisions.ts:383 (employee_compensation_components),FALSE_POSITIVE,N/A,"See master-register.md section B (payroll_validation_rules UNKNOWN_FAILURE code-gap analysis) for the 3 D rows; all others classified by 6 parallel read-only audit agents against service-role/RLS-bypass context, full detail available on request",CLASSIFIED_NO_ACTION,,,
TISO-233,check-tenant-isolation.mjs,apps/api/src/routes/payroll/compensation-revisions.ts:390 (compensation_revisions),FALSE_POSITIVE,N/A,"See master-register.md section B (payroll_validation_rules UNKNOWN_FAILURE code-gap analysis) for the 3 D rows; all others classified by 6 parallel read-only audit agents against service-role/RLS-bypass context, full detail available on request",CLASSIFIED_NO_ACTION,,,
TISO-234,check-tenant-isolation.mjs,apps/api/src/routes/payroll/forecast.ts:270 (payroll_forecasts),FALSE_POSITIVE,N/A,"See master-register.md section B (payroll_validation_rules UNKNOWN_FAILURE code-gap analysis) for the 3 D rows; all others classified by 6 parallel read-only audit agents against service-role/RLS-bypass context, full detail available on request",CLASSIFIED_NO_ACTION,,,
TISO-235,check-tenant-isolation.mjs,apps/api/src/routes/payroll/forecast.ts:301 (payroll_forecasts),FALSE_POSITIVE,N/A,"See master-register.md section B (payroll_validation_rules UNKNOWN_FAILURE code-gap analysis) for the 3 D rows; all others classified by 6 parallel read-only audit agents against service-role/RLS-bypass context, full detail available on request",CLASSIFIED_NO_ACTION,,,
TISO-236,check-tenant-isolation.mjs,apps/api/src/routes/payroll/forensics.ts:170 (profiles),FALSE_POSITIVE,N/A,"See master-register.md section B (payroll_validation_rules UNKNOWN_FAILURE code-gap analysis) for the 3 D rows; all others classified by 6 parallel read-only audit agents against service-role/RLS-bypass context, full detail available on request",CLASSIFIED_NO_ACTION,,,
TISO-237,check-tenant-isolation.mjs,apps/api/src/routes/payroll/loans.ts:379 (loan_schedules),FALSE_POSITIVE,N/A,"See master-register.md section B (payroll_validation_rules UNKNOWN_FAILURE code-gap analysis) for the 3 D rows; all others classified by 6 parallel read-only audit agents against service-role/RLS-bypass context, full detail available on request",CLASSIFIED_NO_ACTION,,,
TISO-238,check-tenant-isolation.mjs,apps/api/src/routes/payroll/payout-batches.ts:270 (payroll_payout_reconciliation),FALSE_POSITIVE,N/A,"See master-register.md section B (payroll_validation_rules UNKNOWN_FAILURE code-gap analysis) for the 3 D rows; all others classified by 6 parallel read-only audit agents against service-role/RLS-bypass context, full detail available on request",CLASSIFIED_NO_ACTION,,,
TISO-239,check-tenant-isolation.mjs,apps/api/src/routes/payroll/runs.ts:790 (payroll_runs),JUSTIFIED_EXCEPTION,N/A,"See master-register.md section B (payroll_validation_rules UNKNOWN_FAILURE code-gap analysis) for the 3 D rows; all others classified by 6 parallel read-only audit agents against service-role/RLS-bypass context, full detail available on request",CLASSIFIED_NO_ACTION,,,
TISO-240,check-tenant-isolation.mjs,apps/api/src/routes/payroll/runs.ts:1007 (payroll_validation_rules),CONFIRMED_DEFECT,HIGH,"Global-vs-tenant ownership decided (global defaults + explicit tenant override by code) and implemented: this call site now uses fetchResolvedValidationRules(), which resolves global rows and this tenant's own override rows by code instead of reading with no tenant scoping at all.",FIXED,this session (migration 439_payroll_validation_rules_tenant_override.sql + apps/api/src/lib/payroll-validation-rules.ts),scripts/validation-rules-tenant-override-check.sh (13/13 real-stack assertions pass),Re-verify against real Supabase/PostgREST at scale alongside the rest of this engagement's still-open staging gate
TISO-241,check-tenant-isolation.mjs,apps/api/src/routes/payroll/runs.ts:1012 (payroll_run_blockers),FALSE_POSITIVE,N/A,"See master-register.md section B (payroll_validation_rules UNKNOWN_FAILURE code-gap analysis) for the 3 D rows; all others classified by 6 parallel read-only audit agents against service-role/RLS-bypass context, full detail available on request",CLASSIFIED_NO_ACTION,,,
TISO-242,check-tenant-isolation.mjs,apps/api/src/routes/payroll/runs.ts:1056 (payroll_runs),JUSTIFIED_EXCEPTION,N/A,"See master-register.md section B (payroll_validation_rules UNKNOWN_FAILURE code-gap analysis) for the 3 D rows; all others classified by 6 parallel read-only audit agents against service-role/RLS-bypass context, full detail available on request",CLASSIFIED_NO_ACTION,,,
TISO-243,check-tenant-isolation.mjs,apps/api/src/routes/payroll/runs.ts:1600 (payroll_runs),JUSTIFIED_EXCEPTION,N/A,"See master-register.md section B (payroll_validation_rules UNKNOWN_FAILURE code-gap analysis) for the 3 D rows; all others classified by 6 parallel read-only audit agents against service-role/RLS-bypass context, full detail available on request",CLASSIFIED_NO_ACTION,,,
TISO-244,check-tenant-isolation.mjs,apps/api/src/routes/payroll/runs.ts:2190 (payroll_slips),FALSE_POSITIVE,N/A,"See master-register.md section B (payroll_validation_rules UNKNOWN_FAILURE code-gap analysis) for the 3 D rows; all others classified by 6 parallel read-only audit agents against service-role/RLS-bypass context, full detail available on request",CLASSIFIED_NO_ACTION,,,
TISO-245,check-tenant-isolation.mjs,apps/api/src/routes/payroll/runs.ts:2440 (payroll_slips),FALSE_POSITIVE,N/A,"See master-register.md section B (payroll_validation_rules UNKNOWN_FAILURE code-gap analysis) for the 3 D rows; all others classified by 6 parallel read-only audit agents against service-role/RLS-bypass context, full detail available on request",CLASSIFIED_NO_ACTION,,,
TISO-246,check-tenant-isolation.mjs,apps/api/src/routes/payroll/runs.ts:2524 (payroll_slips),FALSE_POSITIVE,N/A,"See master-register.md section B (payroll_validation_rules UNKNOWN_FAILURE code-gap analysis) for the 3 D rows; all others classified by 6 parallel read-only audit agents against service-role/RLS-bypass context, full detail available on request",CLASSIFIED_NO_ACTION,,,
TISO-247,check-tenant-isolation.mjs,apps/api/src/routes/payroll/runs.ts:2554 (payroll_slips),FALSE_POSITIVE,N/A,"See master-register.md section B (payroll_validation_rules UNKNOWN_FAILURE code-gap analysis) for the 3 D rows; all others classified by 6 parallel read-only audit agents against service-role/RLS-bypass context, full detail available on request",CLASSIFIED_NO_ACTION,,,
TISO-248,check-tenant-isolation.mjs,apps/api/src/routes/payroll/runs.ts:3273 (payroll_validation_rules),CONFIRMED_DEFECT,HIGH,Same fix as TISO-240 — this call site (blocker-detail enrichment) now uses fetchResolvedValidationRules() instead of an unscoped read.,FIXED,this session (migration 439_payroll_validation_rules_tenant_override.sql + apps/api/src/lib/payroll-validation-rules.ts),scripts/validation-rules-tenant-override-check.sh (13/13 real-stack assertions pass),Re-verify against real Supabase/PostgREST at scale alongside the rest of this engagement's still-open staging gate
TISO-249,check-tenant-isolation.mjs,apps/api/src/routes/payroll/runs.ts:3440 (payroll_validation_rules),CONFIRMED_DEFECT,HIGH,Same fix as TISO-240 — this call site (retry-failed blocker rebuild) now uses fetchResolvedValidationRules() instead of an unscoped read.,FIXED,this session (migration 439_payroll_validation_rules_tenant_override.sql + apps/api/src/lib/payroll-validation-rules.ts),scripts/validation-rules-tenant-override-check.sh (13/13 real-stack assertions pass),Re-verify against real Supabase/PostgREST at scale alongside the rest of this engagement's still-open staging gate
TISO-250,check-tenant-isolation.mjs,apps/api/src/routes/payroll/runs.ts:3484 (payroll_slips),FALSE_POSITIVE,N/A,"See master-register.md section B (payroll_validation_rules UNKNOWN_FAILURE code-gap analysis) for the 3 D rows; all others classified by 6 parallel read-only audit agents against service-role/RLS-bypass context, full detail available on request",CLASSIFIED_NO_ACTION,,,
TISO-251,check-tenant-isolation.mjs,apps/api/src/routes/payroll/runs.ts:3487 (payroll_slips),FALSE_POSITIVE,N/A,"See master-register.md section B (payroll_validation_rules UNKNOWN_FAILURE code-gap analysis) for the 3 D rows; all others classified by 6 parallel read-only audit agents against service-role/RLS-bypass context, full detail available on request",CLASSIFIED_NO_ACTION,,,
TISO-252,check-tenant-isolation.mjs,apps/api/src/routes/payroll/runs.ts:3502 (payroll_run_blockers),FALSE_POSITIVE,N/A,"See master-register.md section B (payroll_validation_rules UNKNOWN_FAILURE code-gap analysis) for the 3 D rows; all others classified by 6 parallel read-only audit agents against service-role/RLS-bypass context, full detail available on request",CLASSIFIED_NO_ACTION,,,
TISO-253,check-tenant-isolation.mjs,apps/api/src/routes/payroll/statutory/epf.ts:396 (employee_compensation_components),FALSE_POSITIVE,N/A,"See master-register.md section B (payroll_validation_rules UNKNOWN_FAILURE code-gap analysis) for the 3 D rows; all others classified by 6 parallel read-only audit agents against service-role/RLS-bypass context, full detail available on request",CLASSIFIED_NO_ACTION,,,
TISO-254,check-tenant-isolation.mjs,apps/api/src/routes/payroll/statutory/epf.ts:554 (epf_contributions),FALSE_POSITIVE,N/A,"See master-register.md section B (payroll_validation_rules UNKNOWN_FAILURE code-gap analysis) for the 3 D rows; all others classified by 6 parallel read-only audit agents against service-role/RLS-bypass context, full detail available on request",CLASSIFIED_NO_ACTION,,,
TISO-255,check-tenant-isolation.mjs,apps/api/src/routes/payroll/statutory/esi.ts:449 (employee_compensation_components),FALSE_POSITIVE,N/A,"See master-register.md section B (payroll_validation_rules UNKNOWN_FAILURE code-gap analysis) for the 3 D rows; all others classified by 6 parallel read-only audit agents against service-role/RLS-bypass context, full detail available on request",CLASSIFIED_NO_ACTION,,,
TISO-256,check-tenant-isolation.mjs,apps/api/src/routes/payroll/statutory/esi.ts:544 (esi_contributions),FALSE_POSITIVE,N/A,"See master-register.md section B (payroll_validation_rules UNKNOWN_FAILURE code-gap analysis) for the 3 D rows; all others classified by 6 parallel read-only audit agents against service-role/RLS-bypass context, full detail available on request",CLASSIFIED_NO_ACTION,,,
TISO-257,check-tenant-isolation.mjs,apps/api/src/routes/payroll/statutory/lwf.ts:159 (lwf_state_settings),FALSE_POSITIVE,N/A,"See master-register.md section B (payroll_validation_rules UNKNOWN_FAILURE code-gap analysis) for the 3 D rows; all others classified by 6 parallel read-only audit agents against service-role/RLS-bypass context, full detail available on request",CLASSIFIED_NO_ACTION,,,
TISO-258,check-tenant-isolation.mjs,apps/api/src/routes/payroll/statutory/lwf.ts:373 (employee_compensation_components),FALSE_POSITIVE,N/A,"See master-register.md section B (payroll_validation_rules UNKNOWN_FAILURE code-gap analysis) for the 3 D rows; all others classified by 6 parallel read-only audit agents against service-role/RLS-bypass context, full detail available on request",CLASSIFIED_NO_ACTION,,,
TISO-259,check-tenant-isolation.mjs,apps/api/src/routes/payroll/statutory/lwf.ts:468 (lwf_contributions),FALSE_POSITIVE,N/A,"See master-register.md section B (payroll_validation_rules UNKNOWN_FAILURE code-gap analysis) for the 3 D rows; all others classified by 6 parallel read-only audit agents against service-role/RLS-bypass context, full detail available on request",CLASSIFIED_NO_ACTION,,,
TISO-260,check-tenant-isolation.mjs,apps/api/src/routes/payroll/statutory/ptax.ts:149 (ptax_state_settings),FALSE_POSITIVE,N/A,"See master-register.md section B (payroll_validation_rules UNKNOWN_FAILURE code-gap analysis) for the 3 D rows; all others classified by 6 parallel read-only audit agents against service-role/RLS-bypass context, full detail available on request",CLASSIFIED_NO_ACTION,,,
TISO-261,check-tenant-isolation.mjs,apps/api/src/routes/payroll/statutory/ptax.ts:524 (employee_compensation_components),FALSE_POSITIVE,N/A,"See master-register.md section B (payroll_validation_rules UNKNOWN_FAILURE code-gap analysis) for the 3 D rows; all others classified by 6 parallel read-only audit agents against service-role/RLS-bypass context, full detail available on request",CLASSIFIED_NO_ACTION,,,
TISO-262,check-tenant-isolation.mjs,apps/api/src/routes/payroll/statutory/ptax.ts:654 (ptax_contributions),FALSE_POSITIVE,N/A,"See master-register.md section B (payroll_validation_rules UNKNOWN_FAILURE code-gap analysis) for the 3 D rows; all others classified by 6 parallel read-only audit agents against service-role/RLS-bypass context, full detail available on request",CLASSIFIED_NO_ACTION,,,
TISO-263,check-tenant-isolation.mjs,apps/api/src/routes/payroll/statutory-recon.ts:269 (statutory_filing_closures),FALSE_POSITIVE,N/A,"See master-register.md section B (payroll_validation_rules UNKNOWN_FAILURE code-gap analysis) for the 3 D rows; all others classified by 6 parallel read-only audit agents against service-role/RLS-bypass context, full detail available on request",CLASSIFIED_NO_ACTION,,,
TISO-264,check-tenant-isolation.mjs,apps/api/src/routes/payroll/statutory/tax-governance.ts:338 (tax_declaration_components),FALSE_POSITIVE,N/A,"See master-register.md section B (payroll_validation_rules UNKNOWN_FAILURE code-gap analysis) for the 3 D rows; all others classified by 6 parallel read-only audit agents against service-role/RLS-bypass context, full detail available on request",CLASSIFIED_NO_ACTION,,,
TISO-265,check-tenant-isolation.mjs,apps/api/src/routes/payroll/statutory/tds-bulk.ts:544 (tax_projection_reconciliation),FALSE_POSITIVE,N/A,"See master-register.md section B (payroll_validation_rules UNKNOWN_FAILURE code-gap analysis) for the 3 D rows; all others classified by 6 parallel read-only audit agents against service-role/RLS-bypass context, full detail available on request",CLASSIFIED_NO_ACTION,,,
TISO-266,check-tenant-isolation.mjs,apps/api/src/routes/payroll/statutory/tds-components.ts:200 (tax_declaration_components),FALSE_POSITIVE,N/A,"See master-register.md section B (payroll_validation_rules UNKNOWN_FAILURE code-gap analysis) for the 3 D rows; all others classified by 6 parallel read-only audit agents against service-role/RLS-bypass context, full detail available on request",CLASSIFIED_NO_ACTION,,,
TISO-267,check-tenant-isolation.mjs,apps/api/src/routes/payroll/statutory/tds-plans.ts:472 (tax_declaration_plan_items),FALSE_POSITIVE,N/A,"See master-register.md section B (payroll_validation_rules UNKNOWN_FAILURE code-gap analysis) for the 3 D rows; all others classified by 6 parallel read-only audit agents against service-role/RLS-bypass context, full detail available on request",CLASSIFIED_NO_ACTION,,,
TISO-268,check-tenant-isolation.mjs,apps/api/src/routes/payroll/statutory/tds-plans.ts:558 (tax_declaration_plan_items),FALSE_POSITIVE,N/A,"See master-register.md section B (payroll_validation_rules UNKNOWN_FAILURE code-gap analysis) for the 3 D rows; all others classified by 6 parallel read-only audit agents against service-role/RLS-bypass context, full detail available on request",CLASSIFIED_NO_ACTION,,,
TISO-269,check-tenant-isolation.mjs,apps/api/src/routes/payroll/statutory/tds-recovery.ts:422 (tds_monthly_recovery),FALSE_POSITIVE,N/A,"See master-register.md section B (payroll_validation_rules UNKNOWN_FAILURE code-gap analysis) for the 3 D rows; all others classified by 6 parallel read-only audit agents against service-role/RLS-bypass context, full detail available on request",CLASSIFIED_NO_ACTION,,,
TISO-270,check-tenant-isolation.mjs,apps/api/src/routes/payroll/statutory/tds.ts:1366 (tds_monthly_projections),FALSE_POSITIVE,N/A,"See master-register.md section B (payroll_validation_rules UNKNOWN_FAILURE code-gap analysis) for the 3 D rows; all others classified by 6 parallel read-only audit agents against service-role/RLS-bypass context, full detail available on request",CLASSIFIED_NO_ACTION,,,
TISO-271,check-tenant-isolation.mjs,apps/api/src/routes/payroll/validation.ts:270 (payroll_validation_results),FALSE_POSITIVE,N/A,"See master-register.md section B (payroll_validation_rules UNKNOWN_FAILURE code-gap analysis) for the 3 D rows; all others classified by 6 parallel read-only audit agents against service-role/RLS-bypass context, full detail available on request",CLASSIFIED_NO_ACTION,,,
TISO-272,check-tenant-isolation.mjs,apps/api/src/routes/payroll/validation.ts:281 (payroll_validation_runs),FALSE_POSITIVE,N/A,"See master-register.md section B (payroll_validation_rules UNKNOWN_FAILURE code-gap analysis) for the 3 D rows; all others classified by 6 parallel read-only audit agents against service-role/RLS-bypass context, full detail available on request",CLASSIFIED_NO_ACTION,,,
TISO-273,check-tenant-isolation.mjs,apps/api/src/routes/payroll/validation.ts:445 (payroll_reconciliation_runs),FALSE_POSITIVE,N/A,"See master-register.md section B (payroll_validation_rules UNKNOWN_FAILURE code-gap analysis) for the 3 D rows; all others classified by 6 parallel read-only audit agents against service-role/RLS-bypass context, full detail available on request",CLASSIFIED_NO_ACTION,,,
TISO-274,check-tenant-isolation.mjs,apps/api/src/routes/payroll/variable-pay.ts:262 (variable_payouts),FALSE_POSITIVE,N/A,"See master-register.md section B (payroll_validation_rules UNKNOWN_FAILURE code-gap analysis) for the 3 D rows; all others classified by 6 parallel read-only audit agents against service-role/RLS-bypass context, full detail available on request",CLASSIFIED_NO_ACTION,,,
TISO-275,check-tenant-isolation.mjs,apps/api/src/routes/policy/index.ts:335 (work_locations),FALSE_POSITIVE,N/A,"See master-register.md section B (payroll_validation_rules UNKNOWN_FAILURE code-gap analysis) for the 3 D rows; all others classified by 6 parallel read-only audit agents against service-role/RLS-bypass context, full detail available on request",CLASSIFIED_NO_ACTION,,,
TISO-276,check-tenant-isolation.mjs,apps/api/src/routes/recruitment/index.ts:1676 (profiles),FALSE_POSITIVE,N/A,"See master-register.md section B (payroll_validation_rules UNKNOWN_FAILURE code-gap analysis) for the 3 D rows; all others classified by 6 parallel read-only audit agents against service-role/RLS-bypass context, full detail available on request",CLASSIFIED_NO_ACTION,,,
TISO-277,check-tenant-isolation.mjs,apps/api/src/routes/recruitment/index.ts:2247 (maker_checker_log),FALSE_POSITIVE,N/A,"See master-register.md section B (payroll_validation_rules UNKNOWN_FAILURE code-gap analysis) for the 3 D rows; all others classified by 6 parallel read-only audit agents against service-role/RLS-bypass context, full detail available on request",CLASSIFIED_NO_ACTION,,,
TISO-278,check-tenant-isolation.mjs,apps/api/src/routes/security/index.ts:191 (security_detection_rules),JUSTIFIED_EXCEPTION,N/A,"See master-register.md section B (payroll_validation_rules UNKNOWN_FAILURE code-gap analysis) for the 3 D rows; all others classified by 6 parallel read-only audit agents against service-role/RLS-bypass context, full detail available on request",CLASSIFIED_NO_ACTION,,,
TISO-279,check-tenant-isolation.mjs,apps/api/src/routes/security/index.ts:221 (security_detection_rules),JUSTIFIED_EXCEPTION,N/A,"See master-register.md section B (payroll_validation_rules UNKNOWN_FAILURE code-gap analysis) for the 3 D rows; all others classified by 6 parallel read-only audit agents against service-role/RLS-bypass context, full detail available on request",CLASSIFIED_NO_ACTION,,,
TISO-280,check-tenant-isolation.mjs,apps/api/src/routes/security/index.ts:334 (security_detection_rules),JUSTIFIED_EXCEPTION,N/A,"See master-register.md section B (payroll_validation_rules UNKNOWN_FAILURE code-gap analysis) for the 3 D rows; all others classified by 6 parallel read-only audit agents against service-role/RLS-bypass context, full detail available on request",CLASSIFIED_NO_ACTION,,,
TISO-281,check-tenant-isolation.mjs,apps/api/src/routes/surveys/index.ts:161 (survey_assignments),FALSE_POSITIVE,N/A,"See master-register.md section B (payroll_validation_rules UNKNOWN_FAILURE code-gap analysis) for the 3 D rows; all others classified by 6 parallel read-only audit agents against service-role/RLS-bypass context, full detail available on request",CLASSIFIED_NO_ACTION,,,
TISO-282,check-tenant-isolation.mjs,apps/api/src/routes/surveys/index.ts:181 (survey_assignments),FALSE_POSITIVE,N/A,"See master-register.md section B (payroll_validation_rules UNKNOWN_FAILURE code-gap analysis) for the 3 D rows; all others classified by 6 parallel read-only audit agents against service-role/RLS-bypass context, full detail available on request",CLASSIFIED_NO_ACTION,,,
TISO-283,check-tenant-isolation.mjs,apps/api/src/routes/surveys/index.ts:190 (surveys),FALSE_POSITIVE,N/A,"See master-register.md section B (payroll_validation_rules UNKNOWN_FAILURE code-gap analysis) for the 3 D rows; all others classified by 6 parallel read-only audit agents against service-role/RLS-bypass context, full detail available on request",CLASSIFIED_NO_ACTION,,,
TISO-284,check-tenant-isolation.mjs,apps/api/src/routes/surveys/index.ts:199 (survey_questions),FALSE_POSITIVE,N/A,"See master-register.md section B (payroll_validation_rules UNKNOWN_FAILURE code-gap analysis) for the 3 D rows; all others classified by 6 parallel read-only audit agents against service-role/RLS-bypass context, full detail available on request",CLASSIFIED_NO_ACTION,,,
TISO-285,check-tenant-isolation.mjs,apps/api/src/routes/surveys/index.ts:225 (survey_assignments),FALSE_POSITIVE,N/A,"See master-register.md section B (payroll_validation_rules UNKNOWN_FAILURE code-gap analysis) for the 3 D rows; all others classified by 6 parallel read-only audit agents against service-role/RLS-bypass context, full detail available on request",CLASSIFIED_NO_ACTION,,,
TISO-286,check-tenant-isolation.mjs,apps/api/src/routes/surveys/index.ts:261 (survey_responses),FALSE_POSITIVE,N/A,"See master-register.md section B (payroll_validation_rules UNKNOWN_FAILURE code-gap analysis) for the 3 D rows; all others classified by 6 parallel read-only audit agents against service-role/RLS-bypass context, full detail available on request",CLASSIFIED_NO_ACTION,,,
TISO-287,check-tenant-isolation.mjs,apps/api/src/routes/surveys/index.ts:271 (survey_assignments),FALSE_POSITIVE,N/A,"See master-register.md section B (payroll_validation_rules UNKNOWN_FAILURE code-gap analysis) for the 3 D rows; all others classified by 6 parallel read-only audit agents against service-role/RLS-bypass context, full detail available on request",CLASSIFIED_NO_ACTION,,,
TISO-288,check-tenant-isolation.mjs,apps/api/src/routes/surveys/index.ts:650 (survey_templates),JUSTIFIED_EXCEPTION,N/A,"See master-register.md section B (payroll_validation_rules UNKNOWN_FAILURE code-gap analysis) for the 3 D rows; all others classified by 6 parallel read-only audit agents against service-role/RLS-bypass context, full detail available on request",CLASSIFIED_NO_ACTION,,,
TISO-289,check-tenant-isolation.mjs,apps/api/src/routes/surveys/index.ts:714 (survey_questions),FALSE_POSITIVE,N/A,"See master-register.md section B (payroll_validation_rules UNKNOWN_FAILURE code-gap analysis) for the 3 D rows; all others classified by 6 parallel read-only audit agents against service-role/RLS-bypass context, full detail available on request",CLASSIFIED_NO_ACTION,,,
TISO-290,check-tenant-isolation.mjs,apps/api/src/routes/surveys/index.ts:720 (survey_assignments),FALSE_POSITIVE,N/A,"See master-register.md section B (payroll_validation_rules UNKNOWN_FAILURE code-gap analysis) for the 3 D rows; all others classified by 6 parallel read-only audit agents against service-role/RLS-bypass context, full detail available on request",CLASSIFIED_NO_ACTION,,,
TISO-291,check-tenant-isolation.mjs,apps/api/src/routes/surveys/index.ts:729 (survey_responses),FALSE_POSITIVE,N/A,"See master-register.md section B (payroll_validation_rules UNKNOWN_FAILURE code-gap analysis) for the 3 D rows; all others classified by 6 parallel read-only audit agents against service-role/RLS-bypass context, full detail available on request",CLASSIFIED_NO_ACTION,,,
TISO-292,check-tenant-isolation.mjs,apps/api/src/routes/surveys/index.ts:822 (survey_assignments),FALSE_POSITIVE,N/A,"See master-register.md section B (payroll_validation_rules UNKNOWN_FAILURE code-gap analysis) for the 3 D rows; all others classified by 6 parallel read-only audit agents against service-role/RLS-bypass context, full detail available on request",CLASSIFIED_NO_ACTION,,,
TISO-293,check-tenant-isolation.mjs,apps/api/src/routes/surveys/index.ts:1037 (feedback_360_nominators),FALSE_POSITIVE,N/A,"See master-register.md section B (payroll_validation_rules UNKNOWN_FAILURE code-gap analysis) for the 3 D rows; all others classified by 6 parallel read-only audit agents against service-role/RLS-bypass context, full detail available on request",CLASSIFIED_NO_ACTION,,,
TISO-294,check-tenant-isolation.mjs,apps/api/src/routes/system/event-governance.ts:491 (event_retention_rules),FALSE_POSITIVE,N/A,"See master-register.md section B (payroll_validation_rules UNKNOWN_FAILURE code-gap analysis) for the 3 D rows; all others classified by 6 parallel read-only audit agents against service-role/RLS-bypass context, full detail available on request",CLASSIFIED_NO_ACTION,,,
TISO-295,check-tenant-isolation.mjs,apps/api/src/routes/system/integrations.ts:123 (integration_audit_log),FALSE_POSITIVE,N/A,"See master-register.md section B (payroll_validation_rules UNKNOWN_FAILURE code-gap analysis) for the 3 D rows; all others classified by 6 parallel read-only audit agents against service-role/RLS-bypass context, full detail available on request",CLASSIFIED_NO_ACTION,,,
TISO-296,check-tenant-isolation.mjs,apps/api/src/routes/system/integrations.ts:307 (integration_audit_log),FALSE_POSITIVE,N/A,"See master-register.md section B (payroll_validation_rules UNKNOWN_FAILURE code-gap analysis) for the 3 D rows; all others classified by 6 parallel read-only audit agents against service-role/RLS-bypass context, full detail available on request",CLASSIFIED_NO_ACTION,,,
TISO-297,check-tenant-isolation.mjs,apps/api/src/routes/system/integrations.ts:348 (integration_registry),FALSE_POSITIVE,N/A,"See master-register.md section B (payroll_validation_rules UNKNOWN_FAILURE code-gap analysis) for the 3 D rows; all others classified by 6 parallel read-only audit agents against service-role/RLS-bypass context, full detail available on request",CLASSIFIED_NO_ACTION,,,
TISO-298,check-tenant-isolation.mjs,apps/api/src/routes/system/integrations.ts:398 (integration_registry),FALSE_POSITIVE,N/A,"See master-register.md section B (payroll_validation_rules UNKNOWN_FAILURE code-gap analysis) for the 3 D rows; all others classified by 6 parallel read-only audit agents against service-role/RLS-bypass context, full detail available on request",CLASSIFIED_NO_ACTION,,,
TISO-299,check-tenant-isolation.mjs,apps/api/src/routes/system/jobs.ts:532 (module_health),JUSTIFIED_EXCEPTION,N/A,"See master-register.md section B (payroll_validation_rules UNKNOWN_FAILURE code-gap analysis) for the 3 D rows; all others classified by 6 parallel read-only audit agents against service-role/RLS-bypass context, full detail available on request",CLASSIFIED_NO_ACTION,,,
TISO-300,check-tenant-isolation.mjs,apps/api/src/routes/system/orchestration.ts:55 (worker_registry),JUSTIFIED_EXCEPTION,N/A,"See master-register.md section B (payroll_validation_rules UNKNOWN_FAILURE code-gap analysis) for the 3 D rows; all others classified by 6 parallel read-only audit agents against service-role/RLS-bypass context, full detail available on request",CLASSIFIED_NO_ACTION,,,
TISO-301,check-tenant-isolation.mjs,apps/api/src/routes/system/orchestration.ts:112 (worker_registry),JUSTIFIED_EXCEPTION,N/A,"See master-register.md section B (payroll_validation_rules UNKNOWN_FAILURE code-gap analysis) for the 3 D rows; all others classified by 6 parallel read-only audit agents against service-role/RLS-bypass context, full detail available on request",CLASSIFIED_NO_ACTION,,,
TISO-302,check-tenant-isolation.mjs,apps/api/src/routes/system/orchestration.ts:141 (worker_registry),JUSTIFIED_EXCEPTION,N/A,"See master-register.md section B (payroll_validation_rules UNKNOWN_FAILURE code-gap analysis) for the 3 D rows; all others classified by 6 parallel read-only audit agents against service-role/RLS-bypass context, full detail available on request",CLASSIFIED_NO_ACTION,,,
TISO-303,check-tenant-isolation.mjs,apps/api/src/routes/system/webhooks.ts:140 (webhook_deliveries),FALSE_POSITIVE,N/A,"See master-register.md section B (payroll_validation_rules UNKNOWN_FAILURE code-gap analysis) for the 3 D rows; all others classified by 6 parallel read-only audit agents against service-role/RLS-bypass context, full detail available on request",CLASSIFIED_NO_ACTION,,,
TISO-304,check-tenant-isolation.mjs,apps/api/src/routes/system/webhooks.ts:396 (webhook_deliveries),FALSE_POSITIVE,N/A,"See master-register.md section B (payroll_validation_rules UNKNOWN_FAILURE code-gap analysis) for the 3 D rows; all others classified by 6 parallel read-only audit agents against service-role/RLS-bypass context, full detail available on request",CLASSIFIED_NO_ACTION,,,
TISO-305,check-tenant-isolation.mjs,apps/api/src/routes/system/webhooks.ts:443 (webhook_deliveries),FALSE_POSITIVE,N/A,"See master-register.md section B (payroll_validation_rules UNKNOWN_FAILURE code-gap analysis) for the 3 D rows; all others classified by 6 parallel read-only audit agents against service-role/RLS-bypass context, full detail available on request",CLASSIFIED_NO_ACTION,,,
TISO-306,check-tenant-isolation.mjs,apps/api/src/routes/system/webhooks.ts:472 (webhook_deliveries),FALSE_POSITIVE,N/A,"See master-register.md section B (payroll_validation_rules UNKNOWN_FAILURE code-gap analysis) for the 3 D rows; all others classified by 6 parallel read-only audit agents against service-role/RLS-bypass context, full detail available on request",CLASSIFIED_NO_ACTION,,,
TISO-307,check-tenant-isolation.mjs,apps/api/src/routes/whatsapp/index.ts:197 (mood_checkins),FALSE_POSITIVE,N/A,"See master-register.md section B (payroll_validation_rules UNKNOWN_FAILURE code-gap analysis) for the 3 D rows; all others classified by 6 parallel read-only audit agents against service-role/RLS-bypass context, full detail available on request",CLASSIFIED_NO_ACTION,,,
UNB-001,check-unbounded-queries.mjs,"apps/api/src/lib/absconding-engine.ts:111 (leave_requests, unbounded)",FALSE_POSITIVE,N/A,,CLASSIFIED_NO_ACTION,,,
UNB-002,check-unbounded-queries.mjs,"apps/api/src/lib/absconding-engine.ts:146 (attendance_daily, unbounded)",FALSE_POSITIVE,N/A,,CLASSIFIED_NO_ACTION,,,
UNB-003,check-unbounded-queries.mjs,"apps/api/src/lib/absconding-engine.ts:904 (employees, unbounded)",CONFIRMED_DEFECT,HIGH,,FIXED,this session,"tsc --noEmit clean, vitest run 40 files/331 tests pass; covered by the established fetchAllRows()/chunk-by-100 pattern already tested elsewhere in this engagement — no dedicated per-site test",Re-verify against real Supabase/PostgREST at scale alongside the rest of this engagement's still-open staging gate
UNB-004,check-unbounded-queries.mjs,"apps/api/src/lib/absconding-engine.ts:959 (employees, unbounded)",FALSE_POSITIVE,N/A,,CLASSIFIED_NO_ACTION,,,
UNB-005,check-unbounded-queries.mjs,"apps/api/src/lib/ai/assistant-tools.ts:467 (employees, hard-coded-limit-25)",JUSTIFIED_EXCEPTION,N/A,,CLASSIFIED_NO_ACTION,,,
UNB-006,check-unbounded-queries.mjs,"apps/api/src/lib/ai/assistant-tools.ts:786 (payroll_slips, unbounded)",CONFIRMED_DEFECT,HIGH,,FIXED,this session,"tsc --noEmit clean, vitest run 40 files/331 tests pass; covered by the established fetchAllRows()/chunk-by-100 pattern already tested elsewhere in this engagement — no dedicated per-site test",Re-verify against real Supabase/PostgREST at scale alongside the rest of this engagement's still-open staging gate
UNB-007,check-unbounded-queries.mjs,"apps/api/src/lib/ai/assistant-tools.ts:1089 (attendance_daily, unbounded)",FALSE_POSITIVE,N/A,,CLASSIFIED_NO_ACTION,,,
UNB-008,check-unbounded-queries.mjs,"apps/api/src/lib/attendance-engine.ts:658 (attendance_punch_logs, unbounded)",FALSE_POSITIVE,N/A,,CLASSIFIED_NO_ACTION,,,
UNB-009,check-unbounded-queries.mjs,"apps/api/src/lib/attendance-engine.ts:1203 (attendance_daily, unbounded)",FALSE_POSITIVE,N/A,,CLASSIFIED_NO_ACTION,,,
UNB-010,check-unbounded-queries.mjs,"apps/api/src/lib/attendance-engine.ts:1319 (attendance_daily, unbounded)",CONFIRMED_DEFECT,HIGH,"RETRACTED the earlier FALSE_POSITIVE reclassification this session — a reviewer correctly pointed out that employee scope alone does not bound row count; the date SPAN does. attendance-engine.ts recomputeRange()'s existing-rows lookup was .in('date', dates) for one employee, but from_date/to_date are caller-supplied with NO maximum-span validation at any of its 6+ call sites (recompute.ts only checks from_date <= to_date). A range spanning more than ~2.7 years produces >1,000 calendar dates, silently truncating the existing-rows map used for recompute-protection — a recompute could then silently overwrite a protected date past the cap. Confirmed via code reading, not assumed.",FIXED,this session (corrected),covered by fetchAllRows() pattern; no dedicated per-site test,Re-verify against real Supabase/PostgREST at scale alongside the rest of this engagement's still-open staging gate
UNB-011,check-unbounded-queries.mjs,"apps/api/src/lib/attendance-engine.ts:1381 (attendance_daily, unbounded)",FALSE_POSITIVE,N/A,,CLASSIFIED_NO_ACTION,,,
UNB-012,check-unbounded-queries.mjs,"apps/api/src/lib/attendance-processor.ts:596 (employees, unbounded)",FALSE_POSITIVE,N/A,,CLASSIFIED_NO_ACTION,,,
UNB-013,check-unbounded-queries.mjs,"apps/api/src/lib/attendance-processor.ts:853 (attendance_logs, unbounded)",FALSE_POSITIVE,N/A,,CLASSIFIED_NO_ACTION,,,
UNB-014,check-unbounded-queries.mjs,"apps/api/src/lib/attendance-processor.ts:865 (attendance_daily, unbounded)",FALSE_POSITIVE,N/A,,CLASSIFIED_NO_ACTION,,,
UNB-015,check-unbounded-queries.mjs,"apps/api/src/lib/attendance-processor.ts:878 (attendance_daily, unbounded)",FALSE_POSITIVE,N/A,,CLASSIFIED_NO_ACTION,,,
UNB-016,check-unbounded-queries.mjs,"apps/api/src/lib/attendance-trend.ts:39 (attendance_daily, unbounded)",FALSE_POSITIVE,N/A,,CLASSIFIED_NO_ACTION,,,
UNB-017,check-unbounded-queries.mjs,"apps/api/src/lib/import-engine/importer.ts:986 (employee_bank_statutory, unbounded)",FALSE_POSITIVE,N/A,,CLASSIFIED_NO_ACTION,,,
UNB-018,check-unbounded-queries.mjs,"apps/api/src/lib/import-engine/salary-upload.ts:893 (employees, unbounded)",FALSE_POSITIVE,N/A,,CLASSIFIED_NO_ACTION,,,
UNB-019,check-unbounded-queries.mjs,"apps/api/src/lib/import-engine/salary-upload.ts:914 (employee_compensations, unbounded)",FALSE_POSITIVE,N/A,,CLASSIFIED_NO_ACTION,,,
UNB-020,check-unbounded-queries.mjs,"apps/api/src/lib/import-engine/validator.ts:80 (employees, hard-coded-limit-500)",FALSE_POSITIVE,N/A,,CLASSIFIED_NO_ACTION,,,
UNB-021,check-unbounded-queries.mjs,"apps/api/src/lib/import-engine/validator.ts:138 (master-tables, hard-coded-limit-500)",FALSE_POSITIVE,N/A,,CLASSIFIED_NO_ACTION,,,
UNB-022,check-unbounded-queries.mjs,"apps/api/src/lib/import-engine/validator.ts:1265 (employee_bank_statutory, unbounded)",CONFIRMED_DEFECT,HIGH,,FIXED,this session,"tsc --noEmit clean, vitest run 40 files/331 tests pass; covered by the established fetchAllRows()/chunk-by-100 pattern already tested elsewhere in this engagement — no dedicated per-site test",Re-verify against real Supabase/PostgREST at scale alongside the rest of this engagement's still-open staging gate
UNB-023,check-unbounded-queries.mjs,"apps/api/src/lib/import-engine/validator.ts:1298 (sites, unbounded)",CONFIRMED_DEFECT,HIGH,,FIXED,this session,"tsc --noEmit clean, vitest run 40 files/331 tests pass; covered by the established fetchAllRows()/chunk-by-100 pattern already tested elsewhere in this engagement — no dedicated per-site test",Re-verify against real Supabase/PostgREST at scale alongside the rest of this engagement's still-open staging gate
UNB-024,check-unbounded-queries.mjs,"apps/api/src/lib/intelligence-scanner.ts:625 (mood_checkins, unbounded)",CONFIRMED_DEFECT,HIGH,,FIXED,this session,"tsc --noEmit clean, vitest run 40 files/331 tests pass; covered by the established fetchAllRows()/chunk-by-100 pattern already tested elsewhere in this engagement — no dedicated per-site test",Re-verify against real Supabase/PostgREST at scale alongside the rest of this engagement's still-open staging gate
UNB-025,check-unbounded-queries.mjs,"apps/api/src/lib/intelligence-scanner.ts:764 (employees, unbounded)",FALSE_POSITIVE,N/A,,CLASSIFIED_NO_ACTION,,,
UNB-026,check-unbounded-queries.mjs,"apps/api/src/lib/intelligence-scanner.ts:899 (mood_checkins, unbounded)",CONFIRMED_DEFECT,HIGH,,FIXED,this session,"tsc --noEmit clean, vitest run 40 files/331 tests pass; covered by the established fetchAllRows()/chunk-by-100 pattern already tested elsewhere in this engagement — no dedicated per-site test",Re-verify against real Supabase/PostgREST at scale alongside the rest of this engagement's still-open staging gate
UNB-027,check-unbounded-queries.mjs,"apps/api/src/lib/intelligence-scanner.ts:990 (employees, unbounded)",FALSE_POSITIVE,N/A,,CLASSIFIED_NO_ACTION,,,
UNB-028,check-unbounded-queries.mjs,"apps/api/src/lib/intelligence-scanner.ts:1036 (employees, unbounded)",FALSE_POSITIVE,N/A,,CLASSIFIED_NO_ACTION,,,
UNB-029,check-unbounded-queries.mjs,"apps/api/src/lib/org-context.ts:313 (employees, unbounded)",FALSE_POSITIVE,N/A,,CLASSIFIED_NO_ACTION,,,
UNB-030,check-unbounded-queries.mjs,"apps/api/src/lib/org-context.ts:358 (sites, unbounded)",CONFIRMED_DEFECT,HIGH,,FIXED,this session,"tsc --noEmit clean, vitest run 40 files/331 tests pass; covered by the established fetchAllRows()/chunk-by-100 pattern already tested elsewhere in this engagement — no dedicated per-site test",Re-verify against real Supabase/PostgREST at scale alongside the rest of this engagement's still-open staging gate
UNB-031,check-unbounded-queries.mjs,"apps/api/src/lib/payroll-accounting-engine.ts:646 (employees, unbounded)",FALSE_POSITIVE,N/A,,CLASSIFIED_NO_ACTION,,,
UNB-032,check-unbounded-queries.mjs,"apps/api/src/lib/payroll-engine.ts:638 (attendance_daily, unbounded)",FALSE_POSITIVE,N/A,,CLASSIFIED_NO_ACTION,,,
UNB-033,check-unbounded-queries.mjs,"apps/api/src/lib/payroll-snapshot-engine.ts:220 (attendance_daily, unbounded)",FALSE_POSITIVE,N/A,,CLASSIFIED_NO_ACTION,,,
UNB-034,check-unbounded-queries.mjs,"apps/api/src/lib/roster-calendar-engine.ts:610 (attendance_daily, unbounded)",FALSE_POSITIVE,N/A,,CLASSIFIED_NO_ACTION,,,
UNB-035,check-unbounded-queries.mjs,"apps/api/src/lib/shift-resolution-engine.ts:235 (employees, unbounded)",FALSE_POSITIVE,N/A,,CLASSIFIED_NO_ACTION,,,
UNB-036,check-unbounded-queries.mjs,"apps/api/src/lib/shift-resolution-engine.ts:323 (sites, unbounded)",CONFIRMED_DEFECT,HIGH,,FIXED,this session,"tsc --noEmit clean, vitest run 40 files/331 tests pass; covered by the established fetchAllRows()/chunk-by-100 pattern already tested elsewhere in this engagement — no dedicated per-site test",Re-verify against real Supabase/PostgREST at scale alongside the rest of this engagement's still-open staging gate
UNB-037,check-unbounded-queries.mjs,"apps/api/src/lib/wo-credit-reconciler.ts:180 (attendance_daily, unbounded)",FALSE_POSITIVE,N/A,,CLASSIFIED_NO_ACTION,,,
UNB-038,check-unbounded-queries.mjs,"apps/api/src/routes/attendance/anomalies.ts:144 (employees, unbounded)",CONFIRMED_DEFECT,HIGH,,FIXED,this session,"tsc --noEmit clean, vitest run 40 files/331 tests pass; covered by the established fetchAllRows()/chunk-by-100 pattern already tested elsewhere in this engagement — no dedicated per-site test",Re-verify against real Supabase/PostgREST at scale alongside the rest of this engagement's still-open staging gate
UNB-039,check-unbounded-queries.mjs,"apps/api/src/routes/attendance/anomalies.ts:163 (employees, unbounded)",CONFIRMED_DEFECT,HIGH,,FIXED,this session,"tsc --noEmit clean, vitest run 40 files/331 tests pass; covered by the established fetchAllRows()/chunk-by-100 pattern already tested elsewhere in this engagement — no dedicated per-site test",Re-verify against real Supabase/PostgREST at scale alongside the rest of this engagement's still-open staging gate
UNB-040,check-unbounded-queries.mjs,"apps/api/src/routes/attendance/anomalies.ts:339 (employees, unbounded)",FALSE_POSITIVE,N/A,,CLASSIFIED_NO_ACTION,,,
UNB-041,check-unbounded-queries.mjs,"apps/api/src/routes/attendance/comp-off.ts:141 (attendance_daily, unbounded)",CONFIRMED_DEFECT,HIGH,,FIXED,this session,"tsc --noEmit clean, vitest run 40 files/331 tests pass; covered by the established fetchAllRows()/chunk-by-100 pattern already tested elsewhere in this engagement — no dedicated per-site test",Re-verify against real Supabase/PostgREST at scale alongside the rest of this engagement's still-open staging gate
UNB-042,check-unbounded-queries.mjs,"apps/api/src/routes/attendance/confidence.ts:88 (attendance_daily, unbounded)",CONFIRMED_DEFECT,HIGH,"RETRACTED the earlier FALSE_POSITIVE reclassification this session — same error as UNB-010: confidence.ts's GET /attendance/confidence/employee/:employeeId takes from/to as caller-supplied query params with ONLY date-format validation (no span cap). A long-enough range makes this single-employee query return >1,000 calendar dates, silently truncating the response AND the total_days/avg_score/critical_days/low_days stats computed from rows.length. PROVEN with a real 1,200-row single-employee fixture, mutation-tested: reverted to the pre-fix query, reproduced total_days=1000 (not 1200) and critical_days=100 (not 120) exactly, restored, reconfirmed correct. See scripts/attendance-survey-truncation-check.sh and EVIDENCE.md.",FIXED,this session (corrected),"scripts/attendance-survey-truncation-check.sh (real-stack, mutation-tested RED/GREEN)",Re-verify against real Supabase/PostgREST at scale alongside the rest of this engagement's still-open staging gate
UNB-043,check-unbounded-queries.mjs,"apps/api/src/routes/attendance/confidence.ts:205 (attendance_daily, unbounded)",CONFIRMED_DEFECT,HIGH,,FIXED,this session,"tsc --noEmit clean, vitest run 40 files/331 tests pass; covered by the established fetchAllRows()/chunk-by-100 pattern already tested elsewhere in this engagement — no dedicated per-site test",Re-verify against real Supabase/PostgREST at scale alongside the rest of this engagement's still-open staging gate
UNB-044,check-unbounded-queries.mjs,"apps/api/src/routes/attendance/context.ts:70 (attendance_logs, hard-coded-limit-50)",FALSE_POSITIVE,N/A,"context.ts:70 (attendance_logs) GET /attendance/missing-punches/today. The .limit(50) display cap itself is legitimate (CLAUDE.md's own stated exception for an intentionally bounded top-N widget). But the ORIGINAL code returned `count: employees.length` — a count DERIVED FROM the capped 50-row result, silently presenting a truncated number as the total for any tenant with >50 qualifying employees. Fixed: the true total is now fetched independently via count:'exact', head:true (established pattern elsewhere in this codebase), returned alongside the capped display list with an explicit `truncated` flag. PROVEN with a real 60-row fixture: count=60, employees.length=50, truncated=true. See scripts/attendance-survey-truncation-check.sh.",FIXED,this session,scripts/attendance-survey-truncation-check.sh (real-stack),Re-verify against real Supabase/PostgREST at scale alongside the rest of this engagement's still-open staging gate
UNB-045,check-unbounded-queries.mjs,"apps/api/src/routes/attendance/health-index.ts:129 (employees, unbounded)",FALSE_POSITIVE,N/A,,CLASSIFIED_NO_ACTION,,,
UNB-046,check-unbounded-queries.mjs,"apps/api/src/routes/attendance/health-index.ts:135 (sites, unbounded)",FALSE_POSITIVE,N/A,,CLASSIFIED_NO_ACTION,,,
UNB-047,check-unbounded-queries.mjs,"apps/api/src/routes/attendance/health-index.ts:499 (employees, unbounded)",CONFIRMED_DEFECT,HIGH,,FIXED,this session,"tsc --noEmit clean, vitest run 40 files/331 tests pass; covered by the established fetchAllRows()/chunk-by-100 pattern already tested elsewhere in this engagement — no dedicated per-site test",Re-verify against real Supabase/PostgREST at scale alongside the rest of this engagement's still-open staging gate
UNB-048,check-unbounded-queries.mjs,"apps/api/src/routes/attendance/leave.ts:74 (leave_requests, unbounded)",FALSE_POSITIVE,N/A,,CLASSIFIED_NO_ACTION,,,
UNB-049,check-unbounded-queries.mjs,"apps/api/src/routes/attendance/leave.ts:149 (attendance_daily, unbounded)",FALSE_POSITIVE,N/A,,CLASSIFIED_NO_ACTION,,,
UNB-050,check-unbounded-queries.mjs,"apps/api/src/routes/attendance/leave.ts:536 (attendance_daily, unbounded)",FALSE_POSITIVE,N/A,,CLASSIFIED_NO_ACTION,,,
UNB-051,check-unbounded-queries.mjs,"apps/api/src/routes/attendance/leave.ts:575 (attendance_daily, unbounded)",FALSE_POSITIVE,N/A,,CLASSIFIED_NO_ACTION,,,
UNB-052,check-unbounded-queries.mjs,"apps/api/src/routes/attendance/leave.ts:1131 (employees, unbounded)",FALSE_POSITIVE,N/A,,CLASSIFIED_NO_ACTION,,,
UNB-053,check-unbounded-queries.mjs,"apps/api/src/routes/attendance/leave.ts:1147 (employees, unbounded)",CONFIRMED_DEFECT,HIGH,,FIXED,this session,"tsc --noEmit clean, vitest run 40 files/331 tests pass; covered by the established fetchAllRows()/chunk-by-100 pattern already tested elsewhere in this engagement — no dedicated per-site test",Re-verify against real Supabase/PostgREST at scale alongside the rest of this engagement's still-open staging gate
UNB-054,check-unbounded-queries.mjs,"apps/api/src/routes/attendance/leave.ts:1171 (employee_compensations, unbounded)",CONFIRMED_DEFECT,HIGH,,FIXED,this session,"tsc --noEmit clean, vitest run 40 files/331 tests pass; covered by the established fetchAllRows()/chunk-by-100 pattern already tested elsewhere in this engagement — no dedicated per-site test",Re-verify against real Supabase/PostgREST at scale alongside the rest of this engagement's still-open staging gate
UNB-055,check-unbounded-queries.mjs,"apps/api/src/routes/attendance/leave.ts:1301 (leave_requests, unbounded)",FALSE_POSITIVE,N/A,,CLASSIFIED_NO_ACTION,,,
UNB-056,check-unbounded-queries.mjs,"apps/api/src/routes/attendance/leave.ts:1522 (employees, unbounded)",FALSE_POSITIVE,N/A,,CLASSIFIED_NO_ACTION,,,
UNB-057,check-unbounded-queries.mjs,"apps/api/src/routes/attendance/leave.ts:1615 (attendance_daily, unbounded)",FALSE_POSITIVE,N/A,,CLASSIFIED_NO_ACTION,,,
UNB-058,check-unbounded-queries.mjs,"apps/api/src/routes/attendance/manager-dashboard.ts:90 (employees, unbounded)",FALSE_POSITIVE,N/A,,CLASSIFIED_NO_ACTION,,,
UNB-059,check-unbounded-queries.mjs,"apps/api/src/routes/attendance/manager-dashboard.ts:123 (attendance_daily, unbounded)",FALSE_POSITIVE,N/A,,CLASSIFIED_NO_ACTION,,,
UNB-060,check-unbounded-queries.mjs,"apps/api/src/routes/attendance/muster-upload.ts:300 (attendance_daily, unbounded)",FALSE_POSITIVE,N/A,,CLASSIFIED_NO_ACTION,,,
UNB-061,check-unbounded-queries.mjs,"apps/api/src/routes/attendance/overtime.ts:345 (employees, unbounded)",CONFIRMED_DEFECT,HIGH,,FIXED,this session,"tsc --noEmit clean, vitest run 40 files/331 tests pass; covered by the established fetchAllRows()/chunk-by-100 pattern already tested elsewhere in this engagement — no dedicated per-site test",Re-verify against real Supabase/PostgREST at scale alongside the rest of this engagement's still-open staging gate
UNB-062,check-unbounded-queries.mjs,"apps/api/src/routes/attendance/upload.ts:324 (attendance_punch_logs, unbounded)",FALSE_POSITIVE,N/A,,CLASSIFIED_NO_ACTION,,,
UNB-063,check-unbounded-queries.mjs,"apps/api/src/routes/attendance/wo-credit.ts:208 (employees, unbounded)",CONFIRMED_DEFECT,HIGH,,FIXED,this session,"tsc --noEmit clean, vitest run 40 files/331 tests pass; covered by the established fetchAllRows()/chunk-by-100 pattern already tested elsewhere in this engagement — no dedicated per-site test",Re-verify against real Supabase/PostgREST at scale alongside the rest of this engagement's still-open staging gate
UNB-064,check-unbounded-queries.mjs,"apps/api/src/routes/attendance/work-sessions.ts:65 (employees, unbounded)",CONFIRMED_DEFECT,HIGH,,FIXED,this session,"tsc --noEmit clean, vitest run 40 files/331 tests pass; covered by the established fetchAllRows()/chunk-by-100 pattern already tested elsewhere in this engagement — no dedicated per-site test",Re-verify against real Supabase/PostgREST at scale alongside the rest of this engagement's still-open staging gate
UNB-065,check-unbounded-queries.mjs,"apps/api/src/routes/attendance/work-sessions.ts:606 (employees, unbounded)",FALSE_POSITIVE,N/A,,CLASSIFIED_NO_ACTION,,,
UNB-066,check-unbounded-queries.mjs,"apps/api/src/routes/compensation/manager-compensation.ts:58 (employees, unbounded)",FALSE_POSITIVE,N/A,,CLASSIFIED_NO_ACTION,,,
UNB-067,check-unbounded-queries.mjs,"apps/api/src/routes/compensation/manager-compensation.ts:73 (employee_compensations, unbounded)",FALSE_POSITIVE,N/A,,CLASSIFIED_NO_ACTION,,,
UNB-068,check-unbounded-queries.mjs,"apps/api/src/routes/compensation/revisions.ts:826 (employee_compensations, unbounded)",CONFIRMED_DEFECT,HIGH,,FIXED,this session,"tsc --noEmit clean, vitest run 40 files/331 tests pass; covered by the established fetchAllRows()/chunk-by-100 pattern already tested elsewhere in this engagement — no dedicated per-site test",Re-verify against real Supabase/PostgREST at scale alongside the rest of this engagement's still-open staging gate
UNB-069,check-unbounded-queries.mjs,"apps/api/src/routes/datasets/headcount.ts:86 (employees, unbounded)",FALSE_POSITIVE,N/A,,CLASSIFIED_NO_ACTION,,,
UNB-070,check-unbounded-queries.mjs,"apps/api/src/routes/datasets/statutory.ts:101 (employee_bank_statutory, unbounded)",FALSE_POSITIVE,N/A,,CLASSIFIED_NO_ACTION,,,
UNB-071,check-unbounded-queries.mjs,"apps/api/src/routes/datasets/statutory.ts:333 (employee_bank_statutory, unbounded)",FALSE_POSITIVE,N/A,,CLASSIFIED_NO_ACTION,,,
UNB-072,check-unbounded-queries.mjs,"apps/api/src/routes/employees/compensation.ts:429 (employee_compensations, unbounded)",FALSE_POSITIVE,N/A,,CLASSIFIED_NO_ACTION,,,
UNB-073,check-unbounded-queries.mjs,"apps/api/src/routes/ess/activity.ts:149 (employees, unbounded)",FALSE_POSITIVE,N/A,,CLASSIFIED_NO_ACTION,,,
UNB-074,check-unbounded-queries.mjs,"apps/api/src/routes/ess/company.ts:112 (employees, unbounded)",FALSE_POSITIVE,N/A,,CLASSIFIED_NO_ACTION,,,
UNB-075,check-unbounded-queries.mjs,"apps/api/src/routes/ess/events.ts:109 (payroll_slips, hard-coded-limit-50)",FALSE_POSITIVE,N/A,,CLASSIFIED_NO_ACTION,,,
UNB-076,check-unbounded-queries.mjs,"apps/api/src/routes/ess/events.ts:137 (employees, unbounded)",FALSE_POSITIVE,N/A,,CLASSIFIED_NO_ACTION,,,
UNB-077,check-unbounded-queries.mjs,"apps/api/src/routes/ess/home.ts:308 (employees, unbounded)",FALSE_POSITIVE,N/A,,CLASSIFIED_NO_ACTION,,,
UNB-078,check-unbounded-queries.mjs,"apps/api/src/routes/ess/identity.ts:122 (employees, unbounded)",FALSE_POSITIVE,N/A,,CLASSIFIED_NO_ACTION,,,
UNB-079,check-unbounded-queries.mjs,"apps/api/src/routes/ess/progress.ts:79 (attendance_daily, hard-coded-limit-60)",FALSE_POSITIVE,N/A,,CLASSIFIED_NO_ACTION,,,
UNB-080,check-unbounded-queries.mjs,"apps/api/src/routes/ess/signals.ts:158 (employees, unbounded)",FALSE_POSITIVE,N/A,,CLASSIFIED_NO_ACTION,,,
UNB-081,check-unbounded-queries.mjs,"apps/api/src/routes/ess/team.ts:145 (employees, unbounded)",FALSE_POSITIVE,N/A,,CLASSIFIED_NO_ACTION,,,
UNB-082,check-unbounded-queries.mjs,"apps/api/src/routes/ess/team.ts:167 (leave_requests, hard-coded-limit-200)",FALSE_POSITIVE,N/A,,CLASSIFIED_NO_ACTION,,,
UNB-083,check-unbounded-queries.mjs,"apps/api/src/routes/executive/index.ts:1037 (employee_compensations, unbounded)",CONFIRMED_DEFECT,HIGH,,FIXED,this session,"tsc --noEmit clean, vitest run 40 files/331 tests pass; covered by the established fetchAllRows()/chunk-by-100 pattern already tested elsewhere in this engagement — no dedicated per-site test",Re-verify against real Supabase/PostgREST at scale alongside the rest of this engagement's still-open staging gate
UNB-084,check-unbounded-queries.mjs,"apps/api/src/routes/governance/intelligence.ts:39 (employees, unbounded)",FALSE_POSITIVE,N/A,,CLASSIFIED_NO_ACTION,,,
UNB-085,check-unbounded-queries.mjs,"apps/api/src/routes/intelligence/__tests__/search-missing-pan.test.ts:6 (employee_bank_statutory, unbounded)",FALSE_POSITIVE,N/A,,CLASSIFIED_NO_ACTION,,,
UNB-086,check-unbounded-queries.mjs,"apps/api/src/routes/intelligence/index.ts:1330 (employees, hard-coded-limit-50)",JUSTIFIED_EXCEPTION,N/A,,CLASSIFIED_NO_ACTION,,,
UNB-087,check-unbounded-queries.mjs,"apps/api/src/routes/intelligence/index.ts:1345 (employees, hard-coded-limit-50)",JUSTIFIED_EXCEPTION,N/A,,CLASSIFIED_NO_ACTION,,,
UNB-088,check-unbounded-queries.mjs,"apps/api/src/routes/intelligence/index.ts:1385 (employees, hard-coded-limit-50)",JUSTIFIED_EXCEPTION,N/A,,CLASSIFIED_NO_ACTION,,,
UNB-089,check-unbounded-queries.mjs,"apps/api/src/routes/intelligence/index.ts:1401 (employees, hard-coded-limit-50)",JUSTIFIED_EXCEPTION,N/A,,CLASSIFIED_NO_ACTION,,,
UNB-090,check-unbounded-queries.mjs,"apps/api/src/routes/intelligence/index.ts:1412 (employees, hard-coded-limit-50)",JUSTIFIED_EXCEPTION,N/A,,CLASSIFIED_NO_ACTION,,,
UNB-091,check-unbounded-queries.mjs,"apps/api/src/routes/intelligence/index.ts:1451 (employees, hard-coded-limit-50)",JUSTIFIED_EXCEPTION,N/A,,CLASSIFIED_NO_ACTION,,,
UNB-092,check-unbounded-queries.mjs,"apps/api/src/routes/intelligence/index.ts:1478 (employees, hard-coded-limit-50)",JUSTIFIED_EXCEPTION,N/A,,CLASSIFIED_NO_ACTION,,,
UNB-093,check-unbounded-queries.mjs,"apps/api/src/routes/intelligence/index.ts:1510 (employees, hard-coded-limit-50)",JUSTIFIED_EXCEPTION,N/A,,CLASSIFIED_NO_ACTION,,,
UNB-094,check-unbounded-queries.mjs,"apps/api/src/routes/manager/team-leave-context.ts:85 (employees, unbounded)",FALSE_POSITIVE,N/A,,CLASSIFIED_NO_ACTION,,,
UNB-095,check-unbounded-queries.mjs,"apps/api/src/routes/manager/team-lifecycle.ts:65 (employees, unbounded)",FALSE_POSITIVE,N/A,,CLASSIFIED_NO_ACTION,,,
UNB-096,check-unbounded-queries.mjs,"apps/api/src/routes/manager/team-payroll-cost.ts:127 (payroll_slips, unbounded)",CONFIRMED_DEFECT,HIGH,,FIXED,"prior round this engagement (verified by re-reading current code this session, FINDINGS.csv status was stale)",covered by fetchAllRows()/chunking pattern already tested elsewhere in this engagement; no dedicated per-site test,Re-verify against real Supabase/PostgREST at scale alongside the rest of this engagement's still-open staging gate
UNB-097,check-unbounded-queries.mjs,"apps/api/src/routes/masters/leave-policy-assignments.ts:119 (employees, unbounded)",CONFIRMED_DEFECT,HIGH,,FIXED,this session,"tsc --noEmit clean, vitest run 40 files/331 tests pass; covered by the established fetchAllRows()/chunk-by-100 pattern already tested elsewhere in this engagement — no dedicated per-site test",Re-verify against real Supabase/PostgREST at scale alongside the rest of this engagement's still-open staging gate
UNB-098,check-unbounded-queries.mjs,"apps/api/src/routes/masters/leave-policy-assignments.ts:137 (sites, unbounded)",FALSE_POSITIVE,N/A,,CLASSIFIED_NO_ACTION,,,
UNB-099,check-unbounded-queries.mjs,"apps/api/src/routes/mood/index.ts:152 (mood_checkins, unbounded)",FALSE_POSITIVE,N/A,,CLASSIFIED_NO_ACTION,,,
UNB-100,check-unbounded-queries.mjs,"apps/api/src/routes/notifications/ess-operational.ts:103 (attendance_daily, unbounded)",FALSE_POSITIVE,N/A,,CLASSIFIED_NO_ACTION,,,
UNB-101,check-unbounded-queries.mjs,"apps/api/src/routes/notifications/ess-operational.ts:291 (attendance_daily, unbounded)",FALSE_POSITIVE,N/A,,CLASSIFIED_NO_ACTION,,,
UNB-102,check-unbounded-queries.mjs,"apps/api/src/routes/notifications/ess-operational.ts:318 (attendance_logs, unbounded)",FALSE_POSITIVE,N/A,,CLASSIFIED_NO_ACTION,,,
UNB-103,check-unbounded-queries.mjs,"apps/api/src/routes/notifications/ess-operational.ts:410 (attendance_daily, unbounded)",FALSE_POSITIVE,N/A,,CLASSIFIED_NO_ACTION,,,
UNB-104,check-unbounded-queries.mjs,"apps/api/src/routes/notifications/ess-operational.ts:484 (attendance_daily, unbounded)",FALSE_POSITIVE,N/A,,CLASSIFIED_NO_ACTION,,,
UNB-105,check-unbounded-queries.mjs,"apps/api/src/routes/payroll/arrears.ts:157 (employees, unbounded)",CONFIRMED_DEFECT,HIGH,,FIXED,"prior round this engagement (verified by re-reading current code this session, FINDINGS.csv status was stale)",covered by fetchAllRows()/chunking pattern already tested elsewhere in this engagement; no dedicated per-site test,Re-verify against real Supabase/PostgREST at scale alongside the rest of this engagement's still-open staging gate
UNB-106,check-unbounded-queries.mjs,"apps/api/src/routes/payroll/arrears.ts:243 (employees, unbounded)",CONFIRMED_DEFECT,HIGH,,FIXED,"prior round this engagement (verified by re-reading current code this session, FINDINGS.csv status was stale)",covered by fetchAllRows()/chunking pattern already tested elsewhere in this engagement; no dedicated per-site test,Re-verify against real Supabase/PostgREST at scale alongside the rest of this engagement's still-open staging gate
UNB-107,check-unbounded-queries.mjs,"apps/api/src/routes/payroll/arrears.ts:426 (arrear_records, hard-coded-limit-200)",JUSTIFIED_EXCEPTION,N/A,,CLASSIFIED_NO_ACTION,,,
UNB-108,check-unbounded-queries.mjs,"apps/api/src/routes/payroll/bulk-ops.ts:267 (leave_requests, unbounded)",FALSE_POSITIVE,N/A,,CLASSIFIED_NO_ACTION,,,
UNB-109,check-unbounded-queries.mjs,"apps/api/src/routes/payroll/bulk-ops.ts:510 (employees, unbounded)",FALSE_POSITIVE,N/A,,CLASSIFIED_NO_ACTION,,,
UNB-110,check-unbounded-queries.mjs,"apps/api/src/routes/payroll/compensation-master.ts:231 (employee_compensations, unbounded)",FALSE_POSITIVE,N/A,,CLASSIFIED_NO_ACTION,,,
UNB-111,check-unbounded-queries.mjs,"apps/api/src/routes/payroll/ess-loans.ts:243 (employees, unbounded)",FALSE_POSITIVE,N/A,,CLASSIFIED_NO_ACTION,,,
UNB-112,check-unbounded-queries.mjs,"apps/api/src/routes/payroll/filing-pack.ts:114 (employee_bank_statutory, unbounded)",CONFIRMED_DEFECT,HIGH,,FIXED,fix: paginate and chunk filing-pack queries...,filing-pack-24q-pagination.test.ts,
UNB-113,check-unbounded-queries.mjs,"apps/api/src/routes/payroll/filing-pack.ts:265 (epf_contributions, unbounded)",CONFIRMED_DEFECT,HIGH,,FIXED,fix: paginate and chunk filing-pack queries...,filing-pack-readiness-pagination.test.ts,
UNB-114,check-unbounded-queries.mjs,"apps/api/src/routes/payroll/filing-pack.ts:290 (payroll_slips, unbounded)",CONFIRMED_DEFECT,HIGH,,FIXED,fix: paginate and chunk filing-pack queries...,filing-pack-readiness-pagination.test.ts,
UNB-115,check-unbounded-queries.mjs,"apps/api/src/routes/payroll/filing-pack.ts:302 (employee_bank_statutory, unbounded)",CONFIRMED_DEFECT,HIGH,,FIXED,fix: paginate and chunk filing-pack queries...,filing-pack-readiness-pagination.test.ts,
UNB-116,check-unbounded-queries.mjs,"apps/api/src/routes/payroll/investigate.ts:105 (attendance_daily, unbounded)",FALSE_POSITIVE,N/A,,CLASSIFIED_NO_ACTION,,,
UNB-117,check-unbounded-queries.mjs,"apps/api/src/routes/payroll/investigate.ts:115 (leave_requests, unbounded)",FALSE_POSITIVE,N/A,,CLASSIFIED_NO_ACTION,,,
UNB-118,check-unbounded-queries.mjs,"apps/api/src/routes/payroll/ledger.ts:68 (employees, unbounded)",FALSE_POSITIVE,N/A,,CLASSIFIED_NO_ACTION,,,
UNB-119,check-unbounded-queries.mjs,"apps/api/src/routes/payroll/ops-dashboard.ts:490 (payroll_adjustments, unbounded)",CONFIRMED_DEFECT,HIGH,,FIXED,"prior round this engagement (verified by re-reading current code this session, FINDINGS.csv status was stale)",covered by fetchAllRows()/chunking pattern already tested elsewhere in this engagement; no dedicated per-site test,Re-verify against real Supabase/PostgREST at scale alongside the rest of this engagement's still-open staging gate
UNB-120,check-unbounded-queries.mjs,"apps/api/src/routes/payroll/runs.ts:191 (payroll_slips, unbounded)",FALSE_POSITIVE,N/A,,CLASSIFIED_NO_ACTION,,,
UNB-121,check-unbounded-queries.mjs,"apps/api/src/routes/payroll/runs.ts:2228 (employees, unbounded)",CONFIRMED_DEFECT,HIGH,,FIXED,"prior round this engagement (verified by re-reading current code this session, FINDINGS.csv status was stale)",covered by fetchAllRows()/chunking pattern already tested elsewhere in this engagement; no dedicated per-site test,Re-verify against real Supabase/PostgREST at scale alongside the rest of this engagement's still-open staging gate
UNB-122,check-unbounded-queries.mjs,"apps/api/src/routes/payroll/runs.ts:2367 (leave_requests, unbounded)",CONFIRMED_DEFECT,HIGH,,FIXED,this session,covered by fetchAllRows()/supabase-paginate.test.ts; no dedicated per-site test,Re-verify against real Supabase/PostgREST at scale alongside the rest of this engagement's still-open staging gate
UNB-123,check-unbounded-queries.mjs,"apps/api/src/routes/payroll/runs.ts:3059 (employees, unbounded)",FALSE_POSITIVE,N/A,,CLASSIFIED_NO_ACTION,,,
UNB-124,check-unbounded-queries.mjs,"apps/api/src/routes/payroll/runs.ts:3421 (employees, unbounded)",CONFIRMED_DEFECT,HIGH,,FIXED,"prior round this engagement (verified by re-reading current code this session, FINDINGS.csv status was stale)",covered by fetchAllRows()/chunking pattern already tested elsewhere in this engagement; no dedicated per-site test,Re-verify against real Supabase/PostgREST at scale alongside the rest of this engagement's still-open staging gate
UNB-125,check-unbounded-queries.mjs,"apps/api/src/routes/payroll/slips.ts:231 (payroll_slips, unbounded)",FALSE_POSITIVE,N/A,,CLASSIFIED_NO_ACTION,,,
UNB-126,check-unbounded-queries.mjs,"apps/api/src/routes/payroll/slips.ts:319 (payroll_slips, unbounded)",FALSE_POSITIVE,N/A,,CLASSIFIED_NO_ACTION,,,
UNB-127,check-unbounded-queries.mjs,"apps/api/src/routes/payroll/statutory-recon.ts:76 (epf_contributions, unbounded)",CONFIRMED_DEFECT,HIGH,,FIXED,fix: paginate statutory wage-base queries...,"(no dedicated test — sum-correctness only, not yet covered)",
UNB-128,check-unbounded-queries.mjs,"apps/api/src/routes/payroll/statutory/epf.ts:382 (employee_compensations, unbounded)",CONFIRMED_DEFECT,HIGH,,FIXED,fix: paginate statutory wage-base queries...,epf-wage-base-pagination.test.ts,
UNB-129,check-unbounded-queries.mjs,"apps/api/src/routes/payroll/statutory/epf.ts:423 (payroll_slips, unbounded)",CONFIRMED_DEFECT,HIGH,,FIXED,fix: paginate statutory wage-base queries...,epf-wage-base-pagination.test.ts,
UNB-130,check-unbounded-queries.mjs,"apps/api/src/routes/payroll/statutory/epf.ts:554 (epf_contributions, unbounded)",FALSE_POSITIVE,N/A,,CLASSIFIED_NO_ACTION,,,
UNB-131,check-unbounded-queries.mjs,"apps/api/src/routes/payroll/statutory/esi.ts:404 (payroll_slips, unbounded)",CONFIRMED_DEFECT,HIGH,,FIXED,fix: paginate statutory wage-base queries...,esi-wage-base-pagination.test.ts,
UNB-132,check-unbounded-queries.mjs,"apps/api/src/routes/payroll/statutory/esi.ts:437 (employee_compensations, unbounded)",CONFIRMED_DEFECT,HIGH,,FIXED,fix: paginate statutory wage-base queries...,esi-wage-base-pagination.test.ts,
UNB-133,check-unbounded-queries.mjs,"apps/api/src/routes/payroll/statutory/ptax.ts:447 (sites, unbounded)",FALSE_POSITIVE,N/A,,CLASSIFIED_NO_ACTION,,,
UNB-134,check-unbounded-queries.mjs,"apps/api/src/routes/payroll/statutory/ptax.ts:494 (payroll_slips, unbounded)",CONFIRMED_DEFECT,HIGH,,FIXED,fix: paginate statutory wage-base queries...,ptax-wage-base-pagination.test.ts,
UNB-135,check-unbounded-queries.mjs,"apps/api/src/routes/payroll/statutory/ptax.ts:512 (employee_compensations, unbounded)",CONFIRMED_DEFECT,HIGH,,FIXED,fix: paginate statutory wage-base queries...,ptax-wage-base-pagination.test.ts,
UNB-136,check-unbounded-queries.mjs,"apps/api/src/routes/payroll/statutory/tax-governance.ts:210 (employees, hard-coded-limit-50)",JUSTIFIED_EXCEPTION,N/A,,CLASSIFIED_NO_ACTION,,,
UNB-137,check-unbounded-queries.mjs,"apps/api/src/routes/payroll/statutory/tds-bulk.ts:483 (payroll_slips, unbounded)",CONFIRMED_DEFECT,HIGH,,FIXED,fix: paginate statutory wage-base queries...,tds-reconciliation-pagination.test.ts,
UNB-138,check-unbounded-queries.mjs,"apps/api/src/routes/payroll/statutory/tds-plans.ts:226 (payroll_slips, unbounded)",FALSE_POSITIVE,N/A,,CLASSIFIED_NO_ACTION,,,
UNB-139,check-unbounded-queries.mjs,"apps/api/src/routes/payroll/statutory/tds-plans.ts:619 (payroll_slips, unbounded)",FALSE_POSITIVE,N/A,,CLASSIFIED_NO_ACTION,,,
UNB-140,check-unbounded-queries.mjs,"apps/api/src/routes/payroll/statutory/tds-plans.ts:742 (payroll_slips, unbounded)",FALSE_POSITIVE,N/A,,CLASSIFIED_NO_ACTION,,,
UNB-141,check-unbounded-queries.mjs,"apps/api/src/routes/payroll/statutory/tds-recovery.ts:351 (payroll_slips, unbounded)",FALSE_POSITIVE,N/A,,CLASSIFIED_NO_ACTION,,,
UNB-142,check-unbounded-queries.mjs,"apps/api/src/routes/payroll/variable-pay.ts:242 (employees, unbounded)",CONFIRMED_DEFECT,HIGH,,FIXED,"prior round this engagement (verified by re-reading current code this session, FINDINGS.csv status was stale)",covered by fetchAllRows()/chunking pattern already tested elsewhere in this engagement; no dedicated per-site test,Re-verify against real Supabase/PostgREST at scale alongside the rest of this engagement's still-open staging gate
UNB-143,check-unbounded-queries.mjs,"apps/api/src/routes/recognition/index.ts:160 (employees, hard-coded-limit-100)",FALSE_POSITIVE,N/A,,CLASSIFIED_NO_ACTION,,,
UNB-144,check-unbounded-queries.mjs,"apps/api/src/routes/recognition/index.ts:258 (employees, unbounded)",FALSE_POSITIVE,N/A,,CLASSIFIED_NO_ACTION,,,
UNB-145,check-unbounded-queries.mjs,"apps/api/src/routes/recognition/index.ts:442 (employees, unbounded)",FALSE_POSITIVE,N/A,,CLASSIFIED_NO_ACTION,,,
UNB-146,check-unbounded-queries.mjs,"apps/api/src/routes/recognition/index.ts:873 (employees, unbounded)",CONFIRMED_DEFECT,HIGH,,FIXED,this session,"tsc --noEmit clean, vitest run 40 files/331 tests pass; covered by the established fetchAllRows()/chunk-by-100 pattern already tested elsewhere in this engagement — no dedicated per-site test",Re-verify against real Supabase/PostgREST at scale alongside the rest of this engagement's still-open staging gate
UNB-147,check-unbounded-queries.mjs,"apps/api/src/routes/reports/export.ts:263 (employee_bank_statutory, unbounded)",FALSE_POSITIVE,N/A,,CLASSIFIED_NO_ACTION,,,
UNB-148,check-unbounded-queries.mjs,"apps/api/src/routes/succession/index.ts:696 (succession_plans, unbounded)",FALSE_POSITIVE,N/A,,CLASSIFIED_NO_ACTION,,,
UNB-149,check-unbounded-queries.mjs,"apps/api/src/routes/surveys/index.ts:806 (employees, unbounded)",CONFIRMED_DEFECT,HIGH,,FIXED,this session,"tsc --noEmit clean, vitest run 40 files/331 tests pass; covered by the established fetchAllRows()/chunk-by-100 pattern already tested elsewhere in this engagement — no dedicated per-site test",Re-verify against real Supabase/PostgREST at scale alongside the rest of this engagement's still-open staging gate
UNB-150,check-unbounded-queries.mjs,"apps/api/src/routes/surveys/index.ts:854 (employees, unbounded)",CONFIRMED_DEFECT,HIGH,,FIXED,this session,"tsc --noEmit clean, vitest run 40 files/331 tests pass; covered by the established fetchAllRows()/chunk-by-100 pattern already tested elsewhere in this engagement — no dedicated per-site test",Re-verify against real Supabase/PostgREST at scale alongside the rest of this engagement's still-open staging gate
UNB-151,check-unbounded-queries.mjs,"apps/api/src/routes/surveys/index.ts:1021 (employees, unbounded)",FALSE_POSITIVE,N/A,,CLASSIFIED_NO_ACTION,,,
UNB-152,check-unbounded-queries.mjs,"apps/api/src/routes/trust/intelligence.ts:36 (employees, unbounded)",FALSE_POSITIVE,N/A,,CLASSIFIED_NO_ACTION,,,
UNB-153,check-unbounded-queries.mjs,"apps/api/src/routes/whatsapp/index.ts:112 (mood_checkins, unbounded)",FALSE_POSITIVE,N/A,,CLASSIFIED_NO_ACTION,,,
ADD-001,manual-audit,epf.ts/esi.ts/ptax.ts employee_compensation_components lookup (3 files),CONFIRMED_DEFECT,HIGH,"employee_compensation_components is NOT in check-unbounded-queries.mjs's HIGH_CARDINALITY_TABLES list, so neither checker ever flagged this. Unchunked .in('compensation_id', [...]) with NO pagination at all; several earning components per compensation (multiplier != 1), so even a 100-id chunk can exceed the response cap.",FIXED,699e7c9,epf/esi/ptax-wage-base-pagination.test.ts (all 3 mutation-verified),
ADD-002,manual-audit,filing-pack.ts readiness+ecr epf_eligibility_overrides UAN chunk (2 sites),CONFIRMED_DEFECT_LOW,LOW,"epf_eligibility_overrides is also not in HIGH_CARDINALITY_TABLES. UNIQUE(tenant_id,employee_id) means 1 row/id, so a 100-id chunk can never itself exceed 1000 rows (no real response-truncation risk) — but the unchunked single .in() over the full contributor list was still a request-line (URL length) risk at enterprise scale.",FIXED,699e7c9,"filing-pack-readiness-pagination.test.ts, filing-pack-ecr-pagination.test.ts",
ADD-003,"manual-audit (pre-existing from an earlier commit, not this session)",payroll_validation_rules admin feature (GET/PATCH /payroll/validation-rules) broken for every tenant,CONFIRMED_DEFECT,MEDIUM,"Migration 143 redesigned this table as platform-level (tenant_id nullable, seeded 11 rows all tenant_id=NULL); validation-rules.ts filtered .eq('tenant_id', req.tenantId), matching 0 rows. GET returned {data:[]} 200; PATCH's .single() on a 0-row UPDATE returned 500. Empirically reproduced against the real dev stack earlier this session.",FIXED,this session (migration 439_payroll_validation_rules_tenant_override.sql + apps/api/src/lib/payroll-validation-rules.ts + apps/web/src/pages/payroll/PayrollValidation.tsx),"scripts/validation-rules-tenant-override-check.sh (13/13 real-stack assertions pass -- GET now returns the resolved 12-rule set; PATCH, rerouted from /:id to /:code, creates a tenant override without touching the global row)","Option (b) was chosen and built: global defaults with explicit tenant override by rule code, never a merge. PATCH route param changed /:id -> /:code -- a breaking API change, intentional, frontend updated to match. Re-verify against real Supabase/PostgREST at scale alongside the rest of this engagement's still-open staging gate."
ADD-004,manual-audit,check-tenant-isolation.mjs / check-unbounded-queries.mjs ratchet: file:line:table key is not stable under unrelated edits,CONFIRMED_DEFECT,MEDIUM,"Both scripts key findings as `${file}:${line}:${table}`. Verified concretely: baseline has anomalies.ts:141:employees; current scan (after unrelated edits earlier in the same file) reports anomalies.ts:144:employees — same finding, shifted 3 lines, counted as both 'fixed' and 'new' by the ratchet. This means --ratchet already exits 1 at HEAD before any of this session's changes (verified via git stash), independent of whether any real defect was introduced.",FIXED_NOT_DEFAULT,c782c36,scripts/lib/__tests__/finding-fingerprint.test.mjs,"Fingerprint implemented and tested (node --test), wired as opt-in --stable-key on both checkers; NOT yet made the default — flipping it requires regenerating both baseline JSON files under the new key scheme, left for explicit human sign-off per the standing no-silent-baseline-regen instruction."
ADD-005,real-stack-scale-test,"apps/api/src/routes/payroll/statutory/esi.ts, ptax.ts — stale-contribution-row cleanup DELETE",CONFIRMED_DEFECT,HIGH,"Found by actually running POST /payroll/statutory/esi/contributions/compute against 1,200 real employees in Postgres through the gateway (scripts/pagination-scale-check.sh) — not a unit test. The re-finalize stale-row cleanup built a single .not('employee_id','in',`(${keepIds.join(',')})`), encoding every kept employee id into one URL query parameter (~44,000 chars at 1,200 employees). The request died before reaching the gateway (empty error object, nothing in the gateway's own log); the compute call 500'd with DELETE_FAILED. No static checker scans .delete() filter chains, and no in-memory vitest mock would ever surface this, since mocks never serialize to an actual URL.",FIXED,88c60b5,"esi-stale-cleanup-chunking.test.ts (vitest) + scripts/pagination-scale-check.sh (real stack, mutation-verified RED->GREEN)","epf.ts has no equivalent stale-cleanup step (not affected). ptax.ts received the identical code fix and passes the full vitest suite, but was NOT independently re-verified against the real stack at scale this pass (only esi.ts was, as the representative case) — flagging this rather than claiming equal real-stack coverage for both."
G01,COGNIXHR_PRODUCTION_READINESS_AUDIT_2026-09-27.md,apps/api/src/lib/leave-jobs.ts (leave_accrual_ledger),CONFIRMED_DEFECT,P0,"Original audit finding: leave accrual can report success while crediting nobody — all four leave-jobs.ts insert paths write policy_rule_id, but no migration ever added that column to leave_accrual_ledger. A configured monthly/quarterly/yearly/carry-forward policy may leave balances unchanged. Cited evidence: leave-jobs.ts L468, UAT-028 (0 processed, misleading completed/OK status). RE-VERIFIED this session against the real schema (not re-read from the audit): SELECT column_name FROM information_schema.columns WHERE table_name='leave_accrual_ledger' AND column_name='policy_rule_id' returns zero rows against a clean apply of all 438 current migrations. Traced the failure in leave-jobs.ts:455-507: the ledger upsert fails (unknown column), the handler catches ledErr, logs it, pushes to an errors array, and returns {employees_processed:0, total_days_credited:0} — crediting is never attempted after a ledger-write failure. Matches the audit's described symptom. FIXED a later round: migration 440_leave_accrual_ledger_policy_rule_id.sql adds the column. A second, independently-discovered bug in the same path was found while reproducing this through the real job: migration 163's uidx_lal_cycle_key was a PARTIAL unique index (WHERE cycle_key IS NOT NULL), which Postgres cannot match against an ON CONFLICT(cycle_key) target with no WHERE clause — broke every cycle_key upsert in the accrual ledger independent of the missing column; migration 441_leave_accrual_ledger_cycle_key_full_unique.sql replaces it with a full unique index. Mutation-tested via scripts/g01-leave-accrual-ledger-check.sh invoking the real monthlyAccrualJob().",FIXED,"migrations 440/441 + leave-jobs.ts call sites (branch fix/g13-numeric-coercion-sweep, later round)","scripts/g01-leave-accrual-ledger-check.sh (4/4, mutation-tested RED→GREEN)","None for the fixed defect. The audit's separate 'misleading OK status' sub-claim (whether the HTTP/job-run caller itself masks the errors array) remains not independently re-confirmed."
G02,COGNIXHR_PRODUCTION_READINESS_AUDIT_2026-09-27.md,"apps/api/src/lib/attendance-read-model.ts, apps/api/src/lib/payroll-engine.ts, apps/api/src/routes/payroll/runs.ts, apps/api/src/lib/statutory-payroll.ts, apps/api/src/lib/payroll-blocker-engine.ts",CONFIRMED_DEFECT,P0,"Original audit finding: an impossible LOP count can reduce an employee's pay to zero and still produce a finalizable slip; payroll warns but does not block. RE-VERIFIED and found WORSE than described: the audit's cited warning (buildPayrollSlipPreview(), payroll-engine.ts) has zero callers repo-wide (dead code) — the real finalize path had no warning at all. FIXED a later round: runs.ts now raises a non-blocking LOP_EXCESSIVE payroll_run_blocker when lop_days > total_working_days. Two more real bugs found and fixed while reproducing this through the real POST /payroll/runs endpoint: statutory-payroll.ts's wage-base computations had no floor at 0, so a negative employer_contributions crashed the run once lop_amount exceeded gross_pay (fixed with Math.max(0,...)); payroll-blocker-engine.ts's LOP_EXCESSIVE regex never matched the actual message text, so the new blocker was misclassified as critical/blocking (fixed the pattern). UAT-027 (finalized Rs.0 net slip with 25 LOP days against 22 working days) is the original symptom this now surfaces as a visible, non-blocking warning instead of silence.",FIXED,"runs.ts, statutory-payroll.ts, payroll-blocker-engine.ts (branch fix/g13-numeric-coercion-sweep, later round)","scripts/g02-lop-exceeds-working-days-check.sh (11/11, mutation-tested RED→GREEN via the real HTTP endpoint)","None for the fixed defects. Real-scale PostgREST validation on genuine Supabase remains open per G13."
G03,COGNIXHR_PRODUCTION_READINESS_AUDIT_2026-09-27.md,apps/api/src/lib/fnf-settlement-engine.ts,CONFIRMED_DEFECT,P0,"Original audit finding: F&F approval does not require a fresh calculation — the settlement engine selects the latest slip by month without a finalized-run condition despite its own comment; the main approval card can show plausible but stale draft amounts. Cited evidence: fnf-settlement-engine.ts L121-140, UAT-042 (seeded draft understated a settlement by Rs.34,924.50; manual recalculation corrected it, approval guard unverified/open). RE-VERIFIED against current code: the query had no .eq('status','finalized') filter at all, exactly as described, comment notwithstanding. FIXED a later round: added the missing filter.",FIXED,"fnf-settlement-engine.ts (branch fix/g13-numeric-coercion-sweep, later round)","scripts/g03-fnf-settlement-last-finalized-slip-check.sh (2/2, mutation-tested RED→GREEN via the real POST /employees/:id/separation-ff/compute endpoint)","None for the fixed defect. Real-scale PostgREST validation on genuine Supabase remains open per G13."
G04,COGNIXHR_PRODUCTION_READINESS_AUDIT_2026-09-27.md,apps/api/src/routes/payroll/runs.ts,CONFIRMED_DEFECT,P1,"Original audit finding: payroll maker/checker approval occurs before attendance closure and other finalize gates. A failed later gate leaves the approval consumed; a fresh distinct pair can be required, potentially deadlocking a small payroll team. Cited evidence: runs.ts L2080-2160, UAT-014 (reproduced three times; code still records approval before closure/validation gates). RE-VERIFIED against current code: the approval/auto-approval write happened before the attendance-closure/completeness, open-blockers, validation-run, and staleness-recompute gates, and before the freeze-recheck immediately before the real mutation. FIXED a later round: the write is now deferred into a closure invoked only immediately before the real slip/run mutation, once every other gate has passed — removing the need for a rollback entirely.",FIXED,"runs.ts (branch fix/g13-numeric-coercion-sweep, later round)","scripts/g04-maker-checker-approval-ordering-check.sh (10/10, mutation-tested RED→GREEN via the real finalize endpoint)","None for the fixed defect. Incidental discovery, not fixed (out of scope): a tenant that reaches a genuine finalize cannot be hard-deleted afterward, because eventPublisher.publish() writes an immutable platform_events row that blocks the tenant-delete cascade — flagged for a human decision."
G05,COGNIXHR_PRODUCTION_READINESS_AUDIT_2026-09-27.md,"scripts/db/check-schema-drift.mjs, supabase/migrations/016_lean_employees.sql",CONFIRMED_DEFECT,P1,"Original audit finding: clean database installation has an accepted failed migration — 016_lean_employees.sql aborts and CI explicitly allows it via a KNOWN_FAILING allowlist; a fresh tenant install or disaster restore lacks a proven complete migration chain. Cited evidence: check-schema-drift.mjs L35-94, ci.yml. CORRECTED this session with current-code evidence, not re-asserted: check-schema-drift.mjs's own KNOWN_FAILING set is now `new Set([])` — empty — with an inline comment recording that 016_lean_employees.sql was investigated and found to apply cleanly end-to-end (its DROP COLUMN manager_id is preceded by DROP POLICY IF EXISTS employees_manager_team). Re-ran check-schema-drift.mjs against all 438 current migrations this session: zero schema drift across 478 tables, no migration failure.",FIXED,"pre-existing (KNOWN_FAILING emptied in an earlier commit predating this session; re-verified, not fixed, this session)",scripts/db/check-schema-drift.mjs,"None — this finding's clean-install risk is closed, confirmed against current migrations."
G06,COGNIXHR_PRODUCTION_READINESS_AUDIT_2026-09-27.md,apps/api/src/routes/analytics/reports.ts,CONFIRMED_DEFECT,P1,"Original audit finding: statutory compliance report diverges from payroll source of truth; staff may file or reconcile against a report that does not reflect actual PT deductions. Cited evidence: UAT-026 (prior UAT says 'not fixed'), reports.ts. RE-VERIFIED against current code: reports.ts never read payroll_slips at all; pf_employee/esi_employee were formula approximations from employee_compensations.ctc_monthly (not the actual finalized deduction). FIXED a later round: /reports/statutory now requires a month param and reads the real epf_contributions/esi_contributions rows for that month — the same tables filing-pack.ts reads for actual EPFO/ESIC filing.",FIXED,"reports.ts (branch fix/g13-numeric-coercion-sweep, later round)","scripts/g06-statutory-report-real-contributions-check.sh (6/6, mutation-tested RED→GREEN via the real GET /reports/statutory endpoint)","None for the fixed defect. Real-scale PostgREST validation on genuine Supabase remains open per G13."
G07,COGNIXHR_PRODUCTION_READINESS_AUDIT_2026-09-27.md,"apps/api/src/index.ts (scheduler registration, request timeout)",EVIDENCE_GAP,P1,"Original audit finding: no evidence of a 2,000+ employee load or soak test. Payroll requests have a five-minute server timeout; multiple schedulers start inside the API process. Must prove 2,000-employee payroll, attendance ingestion/recompute, month-end concurrency, queues and exports under production-like PostgREST limits, plus restart during a run. Cited evidence: index.ts L337-351, L475-555. PARTIAL evidence from this session, explicitly not closure: pagination-scale-check.sh now exercises 2,200 employees across ESI/EPF/PTax against real Postgres through a from-scratch PostgREST-shim gateway, not real Supabase/PostgREST.",PARTIAL_EVIDENCE,,,Still needs a genuine Supabase/PostgREST staging environment — this sandbox cannot provide one.
G08,COGNIXHR_PRODUCTION_READINESS_AUDIT_2026-09-27.md,"scripts/tenant-isolation-baseline.json, scripts/unbounded-queries-baseline.json",CONFIRMED_DEFECT,P1,"Original audit finding: CI ratchets allow existing findings — 314 tenant-isolation and 267 unbounded-query static-check exceptions; these are analyzer findings, not proven cross-tenant leaks, but service-role DB access bypasses RLS and requires exhaustive application-level scoping. Cited evidence: tenant-isolation-baseline.json, unbounded-queries-baseline.json, supabase.ts. DIRECTLY CORROBORATED this session: the frozen baseline files (untouched) hold exactly count:314 and count:267 — matching the audit's own figures exactly. Live counts have since dropped (307/153) through remediation before and during this engagement, but the frozen ratchet files were never regenerated to match (per the standing never-regenerate-to-hide-findings rule).",OPEN,,,28 of the originally-35 confirmed unbounded-query defects and 3 tenant-isolation defects remain open — see UNB-* / TISO-* rows.
G09,COGNIXHR_PRODUCTION_READINESS_AUDIT_2026-09-27.md,".github/workflows/e2e.yml, apps/e2e/tests/05-payroll.spec.ts",CONFIRMED_DEFECT,P1,"Original audit finding: E2E is manual/weekly, not a pull-request gate. Its payroll suite mostly checks page content; the muster/payroll comparison logs a warning rather than failing on mismatch or unavailable figures. CI checks types, lint and API units, but cannot establish end-to-end payroll correctness. Cited evidence: e2e.yml, 05-payroll.spec.ts L75-115, ci.yml. Restored verbatim this session; NOT re-verified against current CI config.",NOT_RE_VERIFIED,,,Re-verify e2e.yml/05-payroll.spec.ts against current CI config.
G10,COGNIXHR_PRODUCTION_READINESS_AUDIT_2026-09-27.md,"N/A — infrastructure/process, not code",EVIDENCE_GAP,P1,"Original audit finding: backup, restore, point-in-time recovery, RPO/RTO, secret rotation, deployment rollback and incident response cannot be certified from repo files; these require actual Supabase/hosting configuration and a timed restore exercise. Still BLOCKED, unchanged — this sandbox has no staging/production infrastructure to exercise any of this.",BLOCKED,,,Needs real staging/production infrastructure access; not something this sandbox can provide.
G11,COGNIXHR_PRODUCTION_READINESS_AUDIT_2026-09-27.md,apps/api/src/plugins/auth.ts,CONFIRMED_DEFECT,P2,"Original audit finding: the profile cache retains role, tenant, employee mapping and workspace login setting for up to five minutes; is_active is rechecked at most every 60 seconds — urgent role reduction or user termination needs a measured access-revocation SLA and token/session test. Cited evidence: auth.ts L25-39 (a bounded delay, not evidence of a bypass). Restored verbatim this session; NOT re-verified against current code.",NOT_RE_VERIFIED,,,Re-verify cache TTL/is_active recheck interval against current auth.ts; define a measured access-revocation SLA.
G12,COGNIXHR_PRODUCTION_READINESS_AUDIT_2026-09-27.md,"apps/web (leave encashment UI), apps/api (leave encashment API)",CONFIRMED_DEFECT,P2,"Original audit finding: standalone leave encashment has an API and admin approval path but no employee request UI; prior UAT found mark-paid only changes status without establishing a payroll disbursement path. Cited evidence: UAT-043. This is a product-scope question (is this benefit in the first customer's scope?), not purely an engineering fix. Restored verbatim this session; NOT re-verified.",NOT_RE_VERIFIED,,,Needs a product scoping decision before any engineering work.
ADD-006,real-stack-scale-test,apps/api/src/routes/payroll/statutory/epf.ts — employee_compensations lookup,CONFIRMED_DEFECT,HIGH,"Unlike esi.ts/ptax.ts's equivalent (gated behind empsMissingSlip), epf.ts's employee_compensations lookup ran for EVERY active employee with a single unchunked .in() over the full headcount. Found by running against 2,200 real employees: HTTP 500, empty error object, nothing in the gateway log.",FIXED,dfafd4ba,scripts/pagination-scale-check.sh (real stack),
ADD-007,real-stack-scale-test,"apps/api/src/routes/payroll/statutory/esi.ts, ptax.ts — empsMissingSlip employee_compensations lookup",CONFIRMED_DEFECT,MEDIUM,"Identical unchunked .in() bug as ADD-006, on the 'missing finalized slip' fallback path. Not exercised by the first 1,200-employee scale run because every employee there had a slip; found while re-checking siblings after ADD-006.",FIXED,dfafd4ba,Not independently mutation-tested against the real stack (fixture has no slip-less employees); covered by epf-/esi-/ptax-wage-base-pagination.test.ts vitest mutation tests for the equivalent fallback path,A real-stack fixture with some employees lacking a finalized slip would close this gap
ADD-008,real-stack-scale-test,apps/api/src/routes/payroll/statutory/ptax.ts — ptax_state_config/lwf_state_config reads,CONFIRMED_DEFECT,HIGH,"Completely unpaginated. At 2,200 employees, 1,200 (everyone past the 1,000-row cap) came back with state=null and were silently excluded from PTax (skipped_no_state:1200), with no error. Mutation-tested: reverting to the pre-fix ptax.ts (commit 88c60b5) against the real stack reproduces skipped_no_state:1200 exactly; restoring the fix clears it.",FIXED,dfafd4ba,"scripts/pagination-scale-check.sh (real stack, mutation-verified RED->GREEN)",
